<?xml version="1.0" encoding="UTF-8"?>
<kml xmlns="http://www.opengis.net/kml/2.2" xmlns:gx="http://www.google.com/kml/ext/2.2" xmlns:kml="http://www.opengis.net/kml/2.2" xmlns:atom="http://www.w3.org/2005/Atom">
<Document>
	<name>Serravalle_IOT_indicazioni.kml</name>
	<StyleMap id="__managed_style_057728D7F63AAB3A9DFC">
		<Pair>
			<key>normal</key>
			<styleUrl>#failed21</styleUrl>
		</Pair>
		<Pair>
			<key>highlight</key>
			<styleUrl>#failed22</styleUrl>
		</Pair>
	</StyleMap>
	<Style id="failed21">
		<LineStyle>
			<color>ff0affff</color>
			<width>4</width>
		</LineStyle>
	</Style>
	<Style id="failed22">
		<LineStyle>
			<color>ff0affff</color>
			<width>4</width>
		</LineStyle>
	</Style>
	<StyleMap id="m_ylw-pushpin">
		<Pair>
			<key>normal</key>
			<styleUrl>#s_ylw-pushpin</styleUrl>
		</Pair>
		<Pair>
			<key>highlight</key>
			<styleUrl>#s_ylw-pushpin_hl</styleUrl>
		</Pair>
	</StyleMap>
	<Style id="s_ylw-pushpin">
		<IconStyle>
			<scale>1.1</scale>
			<Icon>
				<href>http://maps.google.com/mapfiles/kml/pushpin/red-pushpin.png</href>
			</Icon>
			<hotSpot x="20" y="2" xunits="pixels" yunits="pixels"/>
		</IconStyle>
		<ListStyle>
		</ListStyle>
	</Style>
	<Style id="s_ylw-pushpin_hl">
		<IconStyle>
			<scale>1.3</scale>
			<Icon>
				<href>http://maps.google.com/mapfiles/kml/pushpin/red-pushpin.png</href>
			</Icon>
			<hotSpot x="20" y="2" xunits="pixels" yunits="pixels"/>
		</IconStyle>
		<ListStyle>
		</ListStyle>
	</Style>
	<Folder>
		<name>IOT</name>
		<open>1</open>
		<Placemark id="5788E9FAD4000004">
			<name>IOT</name>
			<styleUrl>#__managed_style_057728D7F63AAB3A9DFC</styleUrl>
			<LineString>
				<coordinates>
					12.93015884833832,43.05526932261659,773.131 12.93036596498753,43.05541365234058,773.707 12.930781,43.055597,772.509 12.93074106203505,43.05449656863912,768.9349999999999 12.93056051876802,43.05400706286206,768.9349999999999 12.93015651627134,43.05334296647013,763.736 12.92962736113283,43.05256374896008,763.855 12.929399,43.052267,763.722 12.929191,43.05187,759.514 12.92909381441167,43.05057847679716,759.336 12.92929659702037,43.04953778021444,757.576 12.9290920358125,43.04649548201682,755.135 12.92998059588076,43.04468875377975,753.468 12.92997158643062,43.04424290709235,755.2859999999999 12.92979685037815,43.04372080426648,755.2859999999999 12.927905,43.040146,754.0939999999999 12.92719144084627,43.03923023933141,754.0939999999999 12.92504731541143,43.03682325340849,758.0410000000001 12.92275930133487,43.03459021376079,762.727 12.91934189319782,43.03076821164812,762.727 12.91791767374161,43.02921303994525,760.409 12.917791,43.028941,760.121 12.9177735745129,43.02886136231951,760.121 12.917608,43.028742,760.063 12.91720912662017,43.02838517443986,761.14 12.91713260428614,43.02832779800404,761.434 12.91303651514065,43.027964037614,761.434 12.91296724188257,43.0278016023321,761.434 12.912919,43.027567,763.966 12.912984,43.027438,765.155 12.913142,43.027296,766.552 12.913353,43.027163,767.396 12.913426,43.027084,768.0259999999998 12.913461,43.02699,768.717 12.913484,43.026769,770.677 12.913516,43.026667,771.718 12.913809,43.026286,775.7369999999999 12.913857,43.026175,777.1489999999999 12.913887,43.026063,778.513 12.913889,43.02581,781.309 12.913822,43.025531,784.5949999999999 12.913817,43.025333,787.826 12.913865,43.025112,791.5249999999999 12.914117,43.024416,801.2819999999999 12.914525,43.023639,806.526 12.914729,43.022753,819.5659999999999 12.914901,43.021498,839.697 12.915212,43.020502,862.037 12.91556,43.020056,868.428 12.915818,43.019539,874.655 12.916354,43.018707,887.207 12.916354,43.018425,891.5169999999999 12.916461,43.018127,896.5089999999999 12.91659,43.017876,901.7569999999999 12.916697,43.017578,908.558 12.916864,43.017286,914.057 12.916917,43.016925,919.0139999999999 12.917443,43.016234,929.098 12.91746,43.016082,930.218 12.91746,43.016084,930.2189999999999 12.917486,43.015858,931.8589999999999 12.917901,43.015489,933.3599999999999 12.918259,43.01538,934.2309999999999 12.919139,43.015293,936.861 12.919643,43.015042,939.8069999999999 12.920061,43.014752,945.109 12.920369,43.01472,944.775 12.9205343022132,43.01452344937046,947.8760000000001 12.92054602673146,43.01419414402528,947.8760000000001 12.92047359464749,43.01393049300192,957.7849999999999 12.920179,43.013293,971.3620000000001 12.920008,43.012955,977.1659999999999 12.91971684084307,43.01251963333269,983.9159999999998 12.91963980872968,43.01235087338725,988.7469999999998 12.91963496971553,43.01220686458343,988.7469999999998 12.91968431252365,43.01210323250113,988.7469999999998 12.919814,43.011889,987.7570000000001 12.920061,43.011536,994.8479999999998 12.920572,43.011244,1005.229 12.92094485248502,43.01107907914535,1011.1 12.92105458204524,43.01063193935646,1011.1 12.92123236568843,43.01041527609133,1026.12 12.921184,43.010264,1029.409 12.92100958505946,43.01002126366299,1035.254 12.92101959557322,43.00978820001711,1039.595 12.92098425907211,43.00973415337602,1039.595 12.92080106153022,43.0095852238174,1039.595 12.92080237809887,43.00958526163326,1039.595 12.920737,43.009472,1043.044 12.92068667358788,43.00928451557101,1044.491 12.92062974054122,43.00911703536027,1048.295 12.92063979853594,43.00890525372383,1054.185 12.92075574210948,43.00851422057023,1054.185 12.92080813024655,43.00839809115773,1054.185 12.92078722911569,43.0082962480101,1054.185 12.9207122273572,43.00820373600601,1053.336 12.9206847764172,43.00802746070101,1053.336 12.92063342546973,43.00780518052609,1053.336 12.92040365967188,43.00739414295979,1054.897 12.92037076767475,43.00706448919448,1058.665 12.920544,43.006585,1061.368 12.92094178386079,43.0061266230407,1063.314 12.92024,43.006344,1060.909 12.919779,43.0064,1057.468 12.918479,43.006798,1047.179 12.918147,43.00685,1046.768 12.917788,43.006826,1045.935 12.917199,43.00684,1043.159 12.91686,43.006765,1039.729 12.916514,43.006719,1036.73 12.915919,43.006719,1030.08 12.914357,43.006662,1005.381 12.913775,43.006606,999.3729999999999 12.91319344625698,43.00648602275175,990.1849999999999 12.91302263660272,43.0064580769292,989.0129999999999 12.913132,43.00637,987.3089999999999 12.91353952211421,43.00622409001847,988.799 12.91418476194527,43.00608198065207,993.6799999999999 12.914760769784,43.00601129203424,1000.839 12.91481898243878,43.00589150938158,1001.776 12.914393,43.005745,994.05 12.914045,43.005501,991.78 12.91356476854845,43.00504435696197,994.471 12.91345081777933,43.00478121824148,994.471 12.91343295154486,43.00461882050986,995.0709999999998 12.91338769554697,43.00434577950782,993.2619999999999 12.91354342378393,43.00416774898524,992.5819999999999 12.91398,43.003932,996.6430000000001 12.914835,43.003153,998.1169999999998 12.915343,43.002866,998.5089999999999 12.915625,43.002681,998.2199999999999 12.915922,43.002267,988.771 12.916125,43.002087,982.75 12.916785,43.001875,970.577 12.917169,43.001939,973.0209999999998 12.918291,43.001785,955.4910000000001 12.918685,43.001792,952.5119999999999 12.919564,43.001905,959.152 12.919804,43.001913,962.7529999999999 12.919978,43.001949,966.7509999999999 12.920113,43.001891,967.7009999999999 12.920058,43.001686,962.8110000000001 12.919938,43.00158,959.5089999999999 12.919898,43.001383,957.857 12.919714,43.001204,955.888 12.91907,43.000682,954.227 12.918735,43.00054,955.5939999999999 12.918206,43.000208,947.558 12.91813200466647,43.0001092016013,947.3179999999999 12.918054,43.000049,945.2789999999999 12.91799,42.999968,943.489 12.91794755667489,42.999725015729,943.489 12.91804433279789,42.99943258923222,943.489 12.9180733268381,42.99923942987923,930.9089999999999 12.917916,42.999286,930.5589999999999 12.91777553159066,42.99938269482426,926.1499999999999 12.91770338652705,42.9993292551424,925.389 12.91766139387546,42.99900212025401,922.6559999999998 12.91756,42.998764,919.4099999999997 12.917497,42.998588,916.7409999999999 12.917582,42.998378,915.162 12.917522,42.998323,913.942 12.917451,42.998259,911.4089999999999 12.917497,42.99819,910.926 12.917594,42.998123,909.9869999999997 12.917673,42.998084,909.3159999999999 12.91775,42.998064,909.173 12.91785,42.998029,907.727 12.917979,42.997996,906.2670000000001 12.91819338201726,42.99796543797038,906.7780000000001 12.9178950823055,42.99788475575478,906.7780000000001 12.917587,42.997877,901.7879999999999 12.917279,42.997902,900.2380000000001 12.917053,42.997993,899.4699999999999 12.916889,42.998107,899.1170000000001 12.916595,42.998364,897.109 12.916477,42.998428,895.8449999999999 12.916374,42.998442,894.5359999999998 12.916301,42.998416,892.795 12.91626,42.998363,891.4319999999998 12.916244,42.998275,890.4659999999999 12.916239,42.997395,880.6559999999999 12.91616,42.997244,878.4669999999999 12.916156,42.997187,877.7270000000001 12.916193,42.997103,876.898 12.91628,42.997031,875.7260000000001 12.916379,42.996983,874.747 12.916889,42.996881,873.011 12.917667,42.996836,871.5089999999999 12.917839,42.996803,871.5940000000001 12.918005,42.996716,871.4249999999998 12.918091,42.996586,871.6239999999998 12.918152,42.996351,873.0709999999999 12.918137,42.996232,873.455 12.918032,42.996147,872.3849999999999 12.917243,42.995899,860.686 12.915327,42.995422,840.7459999999999 12.91474,42.99529,838.957 12.91385,42.995049,833.1559999999999 12.913316,42.994815,828.3589999999999 12.912745,42.994391,814.8139999999999 12.9118,42.993391,804.809 12.911754,42.99334,804.7669999999999 12.912616,42.992987,806.0479999999999 12.913968,42.992406,811.5170000000001 12.915126,42.991857,810.6439999999999 12.916006,42.991347,814.1979999999998 12.917434,42.99045,819.4279999999999 12.917636,42.990394,819.319 12.918044,42.990346,819.3389999999999 12.9191,42.990477,816.3699999999999 12.919444,42.990531,817.042 12.919842,42.990539,818.422 12.920431,42.99059,824.414 12.920576,42.990633,826.9089999999998 12.920903,42.990783,832.6759999999999 12.921134,42.990825,836.217 12.921295,42.990805,837.7659999999998 12.92152,42.990719,838.293 12.921595,42.990716,838.537 12.922045,42.990845,840.557 12.923001,42.99117,847.0279999999999 12.923162,42.991237,849.6879999999999 12.923366,42.991374,855.7589999999999 12.923478,42.991417,857.7169999999998 12.923602,42.991414,858.5869999999998 12.923848,42.991374,857.6149999999999 12.924127,42.991359,858.309 12.925125,42.991359,866.6629999999999 12.925484,42.991434,873.9739999999999 12.92622,42.991512,880.663 12.926599,42.99171,890.9199999999998 12.92670842843926,42.99171203184724,891.974 12.926801,42.991695,891.6849999999998 12.926854,42.991675,891.2549999999999 12.927084,42.991574,887.8359999999999 12.927317,42.991457,884.8579999999998 12.927452,42.991413,883.852 12.927671,42.991358,883.3169999999999 12.927838,42.991329,883.1089999999998 12.927926,42.991315,882.6469999999999 12.928223,42.991306,882.3279999999999 12.928563,42.991326,883.677 12.92881,42.991334,885.514 12.929056,42.99134,888.5680000000001 12.929298,42.991333,891.2979999999999 12.92941,42.991313,891.6189999999999 12.929512,42.99128,891.0789999999998 12.929605,42.99124,890.0499999999998 12.92969,42.991197,888.9789999999999 12.929916,42.991061,887.205 12.930037,42.990969,887.1249999999999 12.930087,42.99092,887.109 12.930202,42.990764,886.819 12.930245,42.990655,886.4099999999999 12.930263,42.990547,885.629 12.930288,42.990386,885.0459999999999 12.930305,42.990279,884.79 12.930308,42.990227,884.6499999999997 12.93031,42.990175,884.591 12.930331,42.990023,884.6109999999998 12.930342,42.989924,885.1319999999999 12.930375,42.989689,886.5840000000001 12.930378,42.989645,886.707 12.930382,42.989605,886.9169999999999 12.930383,42.989566,887.0090000000001 12.930385,42.989475,887.23 12.930406,42.989391,887.8109999999999 12.930414,42.989353,887.91 12.930421,42.989277,888.1970000000002 12.930414,42.989148,888.1209999999999 12.930407,42.989102,888.231 12.930391,42.98901,888.4719999999998 12.930388,42.988969,888.542 12.93038,42.988928,888.513 12.930354,42.988824,888.894 12.930346,42.988783,889.2569999999998 12.930337,42.988742,889.6219999999998 12.930328,42.988682,890.309 12.930302,42.988546,891.3810000000001 12.930251,42.988318,892.7319999999999 12.930165,42.987968,894.9109999999999 12.930153,42.987927,895.2380000000001 12.930121,42.987803,896.5619999999999 12.93006,42.987645,897.6219999999998 12.929993,42.987578,897.373 12.929901,42.987524,896.1729999999999 12.929848,42.987503,895.2839999999999 12.929725,42.987479,893.672 12.929657,42.987476,893.3129999999999 12.929586,42.987478,893.014 12.929286,42.987491,892.7089999999999 12.929212,42.987497,892.989 12.928992,42.987517,893.35 12.928923,42.987513,893.6489999999999 12.928857,42.987503,893.9859999999999 12.928742,42.987459,894.46 12.9287,42.987426,894.61 12.928622,42.98732,895.3509999999999 12.928611,42.987281,895.6609999999999 12.928585,42.987169,895.9819999999999 12.92857,42.987044,895.8629999999999 12.928567,42.986978,895.744 12.928568,42.986838,896.5179999999999 12.928568,42.986774,896.9089999999999 12.92858,42.986634,898.0380000000001 12.92858,42.986599,898.379 12.928626,42.98643,899.9480000000001 12.928662,42.986365,900.5149999999999 12.928731,42.98628,901.139 12.928818,42.986203,902.129 12.928915,42.986128,903.3699999999999 12.929013,42.986051,903.6799999999999 12.929251,42.985866,904.5309999999997 12.929317,42.985813,905.022 12.929442,42.985677,905.862 12.92948,42.985598,905.8079999999999 12.929509,42.98554,905.909 12.929598,42.985466,907.1839999999999 12.929668,42.985419,908.1650000000001 12.929788,42.985325,909.9939999999999 12.929809,42.985298,910.371 12.929894,42.985175,910.495 12.929915,42.985085,909.7550000000001 12.92992,42.98486,907.676 12.929922,42.984757,906.726 12.929907,42.984571,906.357 12.929903,42.984303,906.0969999999999 12.929876,42.984158,905.623 12.92982,42.984081,906.1249999999999 12.92973111261923,42.98398908227707,905.909 12.92943006897518,42.98388670981695,905.909 12.9292231795664,42.98373403546784,905.909 12.92910980282838,42.9835203986669,903.9930000000001 12.92907873579989,42.98332654933326,903.9930000000001 12.92934060761808,42.98284353831952,903.9930000000001 12.929405,42.982538,899.754 12.929404,42.980979,902.384 12.929411,42.980722,902.2549999999999 12.929409,42.980532,903.5650000000001 12.929411,42.980337,904.4459999999999 12.929416,42.979979,902.5219999999999 12.929413,42.979739,899.9619999999999 12.929377,42.979582,900.008 12.9293,42.979439,900.0089999999999 12.929247,42.979374,900.8739999999999 12.929186,42.979316,901.455 12.929117,42.979262,901.684 12.928912,42.979115,900.9709999999999 12.928729,42.978953,900.6850000000001 12.928685,42.97889,900.845 12.928655,42.978822,900.4759999999999 12.928636,42.978685,900.266 12.92865,42.978577,900.577 12.92871,42.978167,902.6389999999999 12.928725,42.977812,900.2009999999999 12.928719,42.977664,899.021 12.928755,42.977523,898.2089999999998 12.928784,42.977453,898.265 12.928909,42.977215,899.0659999999999 12.92894,42.977171,898.7749999999999 12.929044,42.976976,897.482 12.929075,42.976912,897.226 12.92945,42.975931,894.1120000000001 12.92951,42.975669,892.421 12.929511,42.975604,892.0580000000002 12.929511,42.975535,891.6419999999999 12.929544,42.975186,891.252 12.929547,42.975111,891.4229999999999 12.929507,42.974842,889.893 12.929459,42.974656,888.0739999999998 12.929409,42.974504,886.7419999999998 12.929395,42.974456,886.3219999999999 12.929374,42.974329,886.7140000000001 12.929401,42.974009,887.7089999999999 12.92941144443727,42.97394605020136,887.576 12.9294,42.973711,886.777 12.929398,42.973574,886.026 12.929375,42.973493,884.843 12.929344,42.973407,883.6369999999998 12.929298,42.973251,882.477 12.929271,42.973158,882.188 12.929241,42.973087,881.828 12.929171,42.972967,881.079 12.929126,42.972923,880.6879999999999 12.929072,42.972884,880.2240000000002 12.929011,42.972847,879.7259999999999 12.928798,42.972735,878.1089999999998 12.928626,42.972648,876.6400000000001 12.928463,42.972517,875.3809999999999 12.928402,42.972441,874.9400000000001 12.928359,42.972371,874.747 12.92833,42.972314,874.751 12.92829390376836,42.9722311794484,874.7809999999998 12.927714,42.972295,872.3929999999999 12.92765,42.972297,872.3739999999998 12.927564,42.97231,872.314 12.927484,42.972328,872.4539999999998 12.927419,42.972338,872.6090000000002 12.927316,42.972332,872.809 12.927182,42.972319,873.1629999999999 12.927071,42.972317,873.4640000000001 12.926985,42.972313,873.623 12.926905,42.972316,873.8799999999999 12.926837,42.972318,873.9640000000001 12.926765,42.972319,874.1439999999999 12.926685,42.972322,874.245 12.926588,42.972319,874.655 12.926487,42.972314,875.066 12.926408,42.972311,875.3370000000001 12.926323,42.97231,875.349 12.926221,42.972312,875.2130000000001 12.926133,42.972319,875.009 12.926063,42.972345,874.4249999999998 12.925987,42.972394,873.5359999999998 12.92596,42.972441,873.0850000000002 12.925931,42.972489,872.492 12.925901,42.972533,871.766 12.925863,42.972596,870.796 12.925833,42.972648,869.9770000000001 12.925769,42.972712,868.8869999999999 12.925676,42.972765,868.1479999999999 12.925574,42.972804,868.252 12.925471,42.972831,868.553 12.925362,42.972856,869.0079999999998 12.925262,42.972886,869.7089999999999 12.925171,42.972915,870.7969999999999 12.925109,42.972933,871.538 12.925032,42.972943,872.127 12.924964,42.97295,872.624 12.924894,42.97296,873.0279999999999 12.924816,42.972979,873.6879999999999 12.924745,42.973003,874.229 12.924684,42.973031,874.779 12.924634,42.973064,875.0800000000002 12.924561,42.973106,874.957 12.92449869229675,42.97316854930808,874.9000000000001 12.924431,42.973116,875.0199999999999 12.92438,42.97306,874.8089999999999 12.924331,42.973017,874.2869999999999 12.92428,42.972977,873.7979999999999 12.92424,42.972935,873.3269999999999 12.924214,42.972884,872.894 12.924187,42.972841,872.558 12.924145,42.972787,872.0479999999999 12.924099,42.972757,871.369 12.924051,42.972721,870.4489999999998 12.924006,42.972686,869.42 12.923963,42.972647,868.4419999999999 12.923885,42.972597,867.1219999999998 12.923791,42.972505,865.114 12.923758,42.972467,864.409 12.923732,42.972425,863.716 12.923714,42.972374,862.747 12.923693,42.97232,861.836 12.923684,42.972271,860.913 12.923661,42.972207,859.857 12.923602,42.972106,858.827 12.923562,42.972034,858.078 12.923539,42.97198,857.4479999999999 12.923495,42.971936,856.9690000000001 12.923425,42.971899,856.645 12.923362,42.971905,856.747 12.923365,42.971905,856.711 12.922312,42.972287,878.509 12.922445,42.972482,878.5260000000001 12.92273,42.972686,876.247 12.922999,42.972819,874.9559999999999 12.923381,42.973132,875.853 12.923783,42.973373,876.717 12.923929,42.97343,876.697 12.923999,42.973438,876.558 12.92406,42.973428,876.388 12.924366,42.97317,875.049 12.924844,42.972904,872.4269999999998 12.925382,42.972806,868.309 12.925599,42.972755,868.1409999999997 12.925708,42.972715,868.6319999999998 12.925791,42.972665,869.4909999999999 12.925881,42.972561,871.388 12.926005,42.972364,873.9720000000001 12.926062,42.972323,874.6819999999999 12.926137,42.972305,875.143 12.926354,42.972293,875.5929999999998 12.926838,42.972305,874.0639999999999 12.927439,42.972282,872.4429999999999 12.927707,42.972256,872.164 12.92778,42.972268,872.21 12.928018,42.972211,873.609 12.928289,42.972172,874.5859999999999 12.928979,42.972135,879.3169999999999 12.929298,42.972248,881.5559999999999 12.929485,42.97238,882.9530000000001 12.929569,42.972411,883.9870000000001 12.929743,42.972429,885.8869999999997 12.93014,42.972421,891.4479999999999 12.930118,42.972264,890.0779999999999 12.930191,42.971919,888.6989999999998 12.930325,42.971594,887.794 12.930451,42.971417,886.657 12.930523,42.971367,886.4219999999999 12.93076,42.971275,886.009 12.930876,42.971182,885.3909999999998 12.931036,42.970965,883.752 12.931108,42.970812,883.1609999999998 12.931108,42.970686,884.0279999999999 12.931033,42.970303,887.3919999999999 12.931103,42.970154,886.752 12.931307,42.969899,884.1729999999999 12.93135,42.969793,883.5929999999998 12.931361,42.969653,882.4919999999998 12.931365,42.969551,881.773 12.931402,42.969484,881.3199999999999 12.931572,42.969394,879.8089999999999 12.931695,42.969382,879.691 12.931968,42.969355,878.3419999999999 12.932105,42.96933,877.461 12.932233,42.969297,876.378 12.93247,42.969189,873.6219999999998 12.932643,42.969047,873.3719999999998 12.932676,42.96889,873.3530000000001 12.932556,42.96878,875.543 12.932478,42.96875,875.824 12.932353,42.968717,875.814 12.932271,42.968685,875.854 12.932199,42.968647,875.9089999999999 12.932147,42.968602,876.1089999999999 12.932104,42.968559,876.563 12.932069,42.968517,877.064 12.932059,42.96847,877.953 12.932071,42.968412,879.5199999999999 12.932078,42.968347,881.134 12.932093,42.968287,882.4940000000001 12.932103,42.968242,883.3250000000002 12.932103,42.96819,884.175 12.9321,42.968138,884.936 12.932098,42.968083,885.8479999999997 12.932085,42.968026,886.3609999999999 12.93207,42.967974,886.7169999999999 12.93205,42.967926,887.0090000000001 12.932022,42.967879,887.396 12.931979,42.967841,887.4869999999999 12.931917,42.967804,887.396 12.931847,42.967786,886.893 12.931775,42.967776,886.2369999999997 12.9317,42.967771,885.537 12.931632,42.967771,884.8579999999998 12.931564,42.967764,884.3579999999999 12.931499,42.967749,884.269 12.931429,42.967724,884.5839999999999 12.931372,42.967692,885.2070000000001 12.931317,42.96765,886.1169999999998 12.931245,42.967597,887.4089999999999 12.931158,42.967545,888.62 12.931048,42.967487,889.361 12.930943,42.967432,889.5599999999999 12.930835,42.967372,890.167 12.930727,42.967324,890.3709999999999 12.930645,42.967307,889.8409999999999 12.930547,42.967269,890.3319999999999 12.930482,42.967251,890.3220000000001 12.93042,42.967241,890.0629999999999 12.930355,42.967224,890.073 12.930292,42.967212,889.4849999999999 12.930202,42.967192,887.913 12.930129,42.967174,886.7089999999998 12.930067,42.967164,885.779 12.92998,42.967151,884.2599999999999 12.929915,42.967126,883.7190000000001 12.929837,42.967111,882.886 12.929744,42.967091,881.7399999999999 12.929669,42.967078,881.2799999999999 12.929577,42.967045,881.1409999999998 12.929505,42.96703,880.961 12.929445,42.967015,880.7419999999997 12.929385,42.966997,881.2139999999999 12.929305,42.966967,882.1539999999999 12.929233,42.96694,882.8089999999999 12.929183,42.966913,883.2089999999998 12.929113,42.96687,883.3629999999999 12.929061,42.966817,883.5940000000001 12.929059,42.966752,884.033 12.929082,42.966687,884.5399999999998 12.929132,42.966634,884.4839999999999 12.929204,42.966571,883.694 12.929279,42.966521,882.965 12.929359,42.966479,882.325 12.929421,42.966447,881.8459999999999 12.929474,42.966424,881.6619999999999 12.929534,42.966402,881.5829999999999 12.929612,42.966384,881.5109999999999 12.929705,42.966359,881.309 12.92981,42.966336,881.658 12.929928,42.966306,881.989 12.929996,42.966291,882.248 12.930068,42.966276,882.6549999999999 12.930141,42.966263,883.099 12.930221,42.96625,883.519 12.930298,42.966235,883.86 12.930465,42.966188,884.0399999999998 12.930623,42.966146,884.011 12.9307,42.966124,883.8429999999998 12.930853,42.966076,883.0640000000001 12.930996,42.966006,881.2099999999999 12.931066,42.965964,880.2089999999999 12.931201,42.965876,878.3159999999999 12.931263,42.965833,877.5170000000001 12.93132,42.965795,877.226 12.931372,42.965767,877.053 12.93147,42.96572,877.0769999999999 12.931552,42.965693,877.2169999999998 12.931619,42.965673,877.3879999999999 12.931681,42.96565,877.598 12.931736,42.965617,877.619 12.931788,42.965575,877.679 12.931848,42.96554,877.7049999999999 12.931916,42.965517,877.9249999999998 12.931989,42.965494,878.009 12.932061,42.965486,878.249 12.932128,42.965481,878.51 12.9322,42.965488,879.2589999999999 12.932272,42.9655,879.8759999999999 12.932339,42.965517,880.54 12.932401,42.965535,881.25 12.932464,42.96556,882.051 12.932517,42.965585,882.5409999999999 12.932575,42.965615,882.8120000000001 12.932638,42.965637,883.0379999999999 12.932713,42.965659,883.1699999999998 12.932793,42.965672,883.0170000000001 12.932875,42.96569,882.9089999999999 12.93296,42.965702,882.7549999999999 12.933048,42.965702,882.256 12.933125,42.965694,881.9249999999998 12.933205,42.965681,881.4919999999997 12.933285,42.965658,880.7859999999999 12.933358,42.965628,880.136 12.933426,42.965601,880.3370000000001 12.933493,42.965573,880.6969999999998 12.933558,42.965543,881.098 12.933616,42.965511,881.355 12.933676,42.965489,881.607 12.933738,42.965466,882.1169999999998 12.933798,42.965438,882.509 12.933856,42.96541,882.927 12.933941,42.96539,883.6279999999999 12.934024,42.965377,884.2569999999998 12.934082,42.965357,884.5839999999999 12.934165,42.965329,885.278 12.934218,42.965304,885.3879999999999 12.93427,42.965276,885.449 12.93432,42.965239,885.2289999999999 12.934368,42.965197,885.2099999999999 12.934411,42.96515,885.316 12.934454,42.965108,885.476 12.934506,42.965071,885.5129999999999 12.934554,42.965034,885.5089999999999 12.934609,42.965002,885.6329999999998 12.934664,42.964979,885.8139999999999 12.934717,42.964952,886.143 12.934772,42.964929,886.6799999999999 12.934832,42.964906,887.144 12.934892,42.964888,887.6339999999999 12.934954,42.964871,888.1749999999997 12.935019,42.964858,888.5549999999998 12.935079,42.964845,888.7759999999998 12.935164,42.964823,888.9129999999999 12.935224,42.964805,888.9430000000001 12.935307,42.964788,889.3069999999999 12.935385,42.964761,890.409 12.935465,42.964731,891.663 12.935515,42.964704,892.6539999999999 12.93558,42.964659,894.043 12.935618,42.964619,895.0099999999998 12.935645,42.964577,895.9839999999999 12.93566,42.96453,896.6739999999999 12.93567751030561,42.96447513148396,896.776 12.93513058035663,42.96422209199562,892.317 12.93523525931026,42.96391682940296,895.8259999999999 12.93497137367394,42.96354778358111,895.8259999999999 12.93462680289097,42.96330264881328,895.8259999999999 12.93441450098206,42.96312454704022,896.383 12.93416049547671,42.96309367439639,896.383 12.933905,42.963179,897.8869999999997 12.933693,42.963331,900.027 12.93367104096155,42.96343233482539,899.3979999999999 12.93373827557513,42.96360081959273,898.198 12.93446,42.963857,899.2589999999999 12.93552643418509,42.96435809779961,895.446 12.93566118411812,42.96437861926732,897.146 12.93573289948035,42.96427784095952,897.417 12.93599,42.96366,899.796 12.93608,42.96337,898.8229999999999 12.9361,42.96305,896.847 12.93615,42.96283,896.6569999999999 12.9363,42.96251,895.568 12.93659,42.96213,898.018 12.93669,42.9619,898.2489999999999 12.93695,42.96108,905.948 12.93696,42.96098,905.7609999999999 12.93688,42.96079,904.817 12.93681,42.96071,904.3089999999999 12.93679,42.96065,904.046 12.9368,42.96058,903.657 12.93686,42.96053,903.8759999999999 12.93724334317623,42.96041730997809,906.8140000000001 12.93785231148661,42.96029250295014,906.8140000000001 12.93831402471174,42.96011212182741,911.809 12.93879941247818,42.95985690609155,911.809 12.939777,42.959157,929.6089999999999 12.94137615350469,42.95817329514041,948.6269999999998 12.941822110427,42.95796869502396,950.662 12.94185475048937,42.95803944272651,951.047 12.94179459129998,42.95837444766295,951.8569999999999 12.94189158709656,42.95881319094927,956.9149999999998 12.94200707925328,42.9589290380663,957.765 12.94210272325853,42.95893870997377,964.948 12.942184,42.958945,966.261 12.942241,42.958924,967.217 12.942311,42.958901,968.2089999999997 12.942383,42.958878,969.226 12.942441,42.958847,969.657 12.94251,42.958831,970.546 12.942569,42.958805,970.523 12.942636,42.958781,970.7270000000001 12.942694,42.958755,970.6369999999998 12.942752,42.958727,970.4479999999999 12.942818,42.958705,970.5779999999999 12.942884,42.958696,971.0990000000002 12.942937,42.958669,970.7689999999999 12.943001,42.958683,971.9039999999999 12.94305,42.958715,973.724 12.943071,42.958769,975.909 12.943057,42.958813,977.3379999999999 12.94302,42.958856,978.3389999999999 12.94298,42.958895,979.258 12.942934,42.958932,980.175 12.94286,42.958957,980.0289999999999 12.942804,42.95898,980.079 12.942736,42.958991,979.35 12.942672,42.95902,979.1900000000001 12.942614,42.959049,979.0309999999999 12.94256,42.959082,978.9859999999999 12.942485,42.959127,978.4599999999999 12.942428,42.959155,977.626 12.942364,42.959184,976.909 12.942302,42.95922,976.85 12.94225,42.959249,976.711 12.942201,42.959284,976.8399999999999 12.942146,42.959314,976.4269999999999 12.942105,42.95935,976.831 12.942051,42.959377,976.351 12.941997,42.959411,976.152 12.941953,42.959453,976.8519999999999 12.941911,42.959492,977.673 12.94187,42.959529,978.3630000000001 12.941824,42.959563,978.644 12.941782,42.959602,979.1179999999998 12.941742,42.959643,979.809 12.941703,42.959681,980.328 12.941663,42.959716,980.639 12.941629,42.959767,981.438 12.941593,42.959814,981.835 12.94155,42.959861,981.899 12.941508,42.959907,981.679 12.94146,42.959948,980.8099999999998 12.941416,42.959994,980.0499999999997 12.941378,42.960046,980.521 12.941321,42.960083,980.9549999999999 12.941284,42.960135,982.0069999999999 12.94126,42.960181,983.117 12.941217,42.96023,983.8089999999999 12.941172,42.960276,984.3869999999999 12.941135,42.960324,985.4879999999999 12.941106,42.96037,986.6470000000002 12.941084,42.960428,988.4239999999999 12.941062,42.960471,989.6679999999999 12.941026,42.960511,990.268 12.940996,42.960559,991.239 12.940973,42.960605,992.1989999999998 12.940949,42.960647,992.9400000000001 12.940918,42.960698,993.779 12.940898,42.960747,994.8049999999997 12.940878,42.960791,995.8249999999999 12.940866,42.960835,996.9089999999998 12.940848,42.960879,997.229 12.940834,42.960937,997.98 12.940815,42.960986,998.319 12.940798,42.961043,998.966 12.940783,42.961099,999.5899999999999 12.940768,42.961149,1000.56 12.940755,42.961195,1001.671 12.940748,42.961247,1003.041 12.940748,42.961297,1004.522 12.94073,42.961349,1005.521 12.940697,42.961399,1005.841 12.94067,42.961446,1005.905 12.940647,42.961495,1006.109 12.940635,42.961549,1006.914 12.940603,42.961608,1007.135 12.940595,42.961653,1007.854 12.940579,42.96171,1008.641 12.940549,42.961761,1008.925 12.940522,42.961814,1009.595 12.940503,42.961872,1010.546 12.940495,42.961918,1011.526 12.940487,42.961964,1012.517 12.94048,42.962023,1014.042 12.940465,42.962068,1015.022 12.940462,42.962115,1016.214 12.940448,42.962162,1017.109 12.94043,42.962216,1018.136 12.940406,42.962268,1018.757 12.940382,42.962313,1019.036 12.940358,42.962368,1019.543 12.940339,42.962413,1019.967 12.940321,42.962469,1020.587 12.940306,42.962523,1020.818 12.94029,42.962568,1020.618 12.940289,42.962616,1020.729 12.940292,42.962668,1021.028 12.940277,42.962726,1020.889 12.940265,42.962782,1020.717 12.940257,42.962833,1020.909 12.940252,42.962889,1021.254 12.940249,42.962951,1021.615 12.940238,42.963008,1021.874 12.940222,42.963066,1021.951 12.940238,42.963112,1022.875 12.940258,42.963164,1023.755 12.940285,42.963169,1024.486 12.940297,42.963146,1024.556 12.940312,42.963217,1025.727 12.940414,42.963207,1028.325 12.940796,42.962644,1033.626 12.941176,42.962201,1038.308 12.94152,42.961823,1041.109 12.941667,42.961735,1043.274 12.941768,42.961742,1046.335 12.941806,42.961834,1049.754 12.941565,42.962283,1050.651 12.94123,42.96319,1058.585 12.941058,42.963866,1061.945 12.941069,42.964509,1070.246 12.940983,42.965232,1075.676 12.940721,42.965698,1069.477 12.940008,42.966653,1053.234 12.940142,42.967013,1052.255 12.94055,42.967346,1052.91 12.941149,42.968029,1047.309 12.94157,42.968427,1053.995 12.941586,42.968545,1054.616 12.94146,42.96862,1053.325 12.941189,42.968576,1050.152 12.940937,42.968429,1045.596 12.939763,42.968072,1021.616 12.93855,42.968212,1005.827 12.938016,42.968331,1002.837 12.937448,42.968716,993.9279999999999 12.937088,42.969032,989.0459999999999 12.936766,42.969527,985.588 12.936412,42.970282,982.216 12.935956,42.970506,969.809 12.934803,42.971552,962.5259999999998 12.934508,42.971734,957.817 12.933926,42.972434,951.5259999999998 12.933853,42.972575,951.447 12.933736,42.972717,949.938 12.933671,42.972782,948.5879999999999 12.933606,42.97285,947.499 12.933461,42.972973,945.5119999999997 12.933379,42.973028,944.0320000000002 12.933204,42.973131,942.0049999999999 12.933119,42.973179,941.109 12.932954,42.973261,939.453 12.932872,42.973288,938.3139999999999 12.932712,42.973315,935.653 12.932639,42.973323,934.49 12.932491,42.97332,931.7439999999999 12.932426,42.973312,930.5239999999999 12.932354,42.9733,929.1949999999999 12.932222,42.973268,926.5549999999999 12.932107,42.973236,924.236 12.932047,42.973219,923.0610000000001 12.93193,42.973181,920.7209999999999 12.931867,42.973158,919.413 12.931804,42.973135,918.2089999999998 12.931752,42.973107,917.0379999999999 12.931667,42.973024,914.7889999999999 12.931584,42.972917,912.278 12.931546,42.972867,911.1649999999998 12.931504,42.97282,910.0389999999999 12.931386,42.97275,907.819 12.931314,42.972723,906.7099999999999 12.931137,42.972665,904.17 12.93103,42.972633,902.451 12.930828,42.972586,899.629 12.930736,42.972569,898.5999999999999 12.930638,42.972556,897.72 12.930456,42.972539,895.9090000000001 12.930309,42.972516,894.364 12.930219,42.972513,893.2549999999999 12.930169,42.972566,892.534 12.930152,42.972611,892.431 12.93014,42.972658,892.3849999999999 12.93014,42.972703,892.4349999999998 12.930135,42.972748,892.4259999999999 12.930118,42.972798,892.266 12.930106,42.97285,891.967 12.930094,42.97291,891.5239999999998 12.930091,42.972977,891.304 12.930069,42.973032,890.8140000000001 12.930044,42.973084,890.5089999999998 12.930017,42.973132,890.444 12.929989,42.973184,890.365 12.929956,42.973232,890.2240000000002 12.929918,42.973284,889.931 12.929885,42.973337,889.885 12.929857,42.973387,889.9549999999999 12.92982,42.973437,890.076 12.929798,42.973485,890.3859999999999 12.929771,42.973535,890.627 12.929743,42.97358,890.886 12.92971,42.973633,890.96 12.929677,42.973685,890.626 12.929647,42.973732,890.409 12.929617,42.973785,890.1900000000001 12.929587,42.973838,889.9910000000001 12.929555,42.973901,889.6599999999999 12.929508,42.973966,889.1369999999999 12.929471,42.974039,888.9909999999999 12.929451,42.974109,888.9209999999999 12.929438,42.974182,888.8920000000001 12.929438,42.974252,888.372 12.929448,42.97432,887.953 12.929465,42.974385,887.763 12.929483,42.97445,887.644 12.929508,42.974517,888.2179999999998 12.92953,42.974582,888.7089999999999 12.92955,42.974645,889.2580000000002 12.929573,42.974708,889.879 12.929591,42.974773,890.518 12.929603,42.974833,891.115 12.929618,42.97489,891.7789999999999 12.92963,42.974945,892.3390000000001 12.929635,42.975008,892.87 12.929637,42.975071,892.9399999999999 12.929634,42.975134,892.9309999999999 12.929627,42.975199,892.9479999999999 12.929619,42.975264,892.861 12.929609,42.975326,892.617 12.929604,42.975389,892.6089999999999 12.929592,42.975451,892.4359999999999 12.929589,42.975514,892.547 12.929587,42.975577,892.7659999999998 12.929514,42.975923,894.3689999999999 12.92913426228416,42.97691473357204,897.109 12.92901,42.977166,898.9609999999999 12.928992,42.977224,899.492 12.92897,42.977276,899.373 12.928943,42.977323,899.3199999999999 12.928905,42.977368,899.1090000000002 12.928878,42.97741,898.9609999999999 12.928858,42.977457,898.852 12.928841,42.977517,898.851 12.928828,42.977572,899.1779999999999 12.92881,42.977619,899.3519999999997 12.9288,42.977669,899.6419999999999 12.928798,42.977714,899.963 12.928798,42.977764,900.263 12.9288,42.977809,900.724 12.9288,42.977867,901.326 12.928793,42.977932,902.0469999999999 12.928785,42.97798,902.4109999999999 12.928778,42.97803,902.9089999999999 12.928773,42.978083,903.1339999999999 12.928771,42.978141,903.0749999999999 12.928759,42.978198,902.8640000000001 12.928749,42.978255,902.681 12.928744,42.978312,902.585 12.928737,42.97836,902.3949999999999 12.928734,42.978417,902.016 12.928719,42.978477,901.676 12.928714,42.978527,901.287 12.928707,42.97858,900.9709999999999 12.928699,42.978627,900.7409999999999 12.928691,42.978679,900.6150000000001 12.928688,42.978736,900.7089999999998 12.92869,42.978798,900.8589999999999 12.92871,42.978868,901.04 12.928745,42.978933,901.019 12.928807,42.978996,901.076 12.928875,42.979051,901.1100000000001 12.92895,42.979099,901.5899999999999 12.92901,42.979149,901.9910000000001 12.929075,42.979202,902.1309999999999 12.929152,42.979257,902.2219999999999 12.929237,42.979314,901.731 12.92931,42.979384,901.061 12.929345,42.979426,900.6069999999999 12.929405,42.979499,900.509 12.929443,42.979579,900.595 12.929461,42.979667,900.4959999999999 12.929466,42.979755,900.7149999999999 12.929474,42.979842,901.7519999999998 12.929477,42.979887,902.2359999999999 12.92947,42.979967,902.9559999999999 12.929465,42.980044,903.5369999999999 12.92946,42.980106,903.9569999999999 12.92946,42.980164,904.3479999999998 12.929462,42.980221,904.7849999999999 12.929464,42.980278,905.1889999999997 12.929461,42.980331,905.0169999999999 12.929451,42.980381,904.7089999999999 12.929431,42.980431,904.3899999999999 12.929428,42.980488,904.011 12.929431,42.980543,903.8499999999999 12.929441,42.98061,903.547 12.929448,42.980673,903.2509999999999 12.929456,42.980735,902.9809999999999 12.929461,42.9808,902.5719999999999 12.929469,42.980868,902.7719999999999 12.929474,42.980936,903.3230000000001 12.929474,42.981004,903.856 12.929462,42.981074,904.059 12.929457,42.981142,904.2139999999999 12.929459,42.981202,904.2089999999999 12.929457,42.981259,904.247 12.929454,42.981316,904.138 12.929454,42.981376,904.117 12.929452,42.981438,903.8639999999999 12.929452,42.981498,903.3979999999999 12.929454,42.981561,902.9579999999999 12.929457,42.981626,902.659 12.929452,42.981694,902.129 12.92945,42.981767,901.8699999999998 12.929452,42.981844,901.5269999999999 12.929455,42.981922,901.3679999999999 12.929462,42.982,901.2140000000001 12.92946,42.982078,900.809 12.92946,42.982155,900.5739999999998 12.929462,42.982233,900.3850000000001 12.92947,42.982318,900.414 12.929467,42.982403,900.341 12.929469,42.982485,900.3850000000001 12.929467,42.982568,900.8849999999999 12.929457,42.982646,901.2659999999998 12.929439,42.982718,901.596 12.929414,42.982785,901.8669999999998 12.929386,42.982852,902.431 12.929354,42.98291,902.9610000000001 12.929324,42.982962,903.407 12.929296,42.983017,903.809 12.929261,42.983062,904.0149999999999 12.929229,42.983114,903.7860000000001 12.929202,42.983164,903.4849999999998 12.929174,42.983211,903.1919999999999 12.929154,42.983263,902.9160000000001 12.929141,42.983315,902.9659999999999 12.929134,42.983373,903.2669999999999 12.929137,42.983431,903.617 12.929145,42.983486,904.038 12.929163,42.983543,904.586 12.929186,42.983596,905.1600000000001 12.929211,42.983649,905.226 12.929248,42.983702,905.2089999999999 12.9293,42.98375,905.45 12.929353,42.983792,905.771 12.92942,42.983832,906.1799999999999 12.929488,42.983867,906.487 12.929561,42.983897,906.3109999999999 12.929636,42.983924,906.4109999999999 12.929711,42.983952,906.582 12.929783,42.983985,906.722 12.929889,42.984073,906.532 12.929917,42.984131,906.0919999999999 12.929937,42.984189,905.811 12.92998686403188,42.9852264506564,910.841 12.929611,42.985486,907.328 12.929548,42.985558,906.5890000000001 12.929495,42.985636,906.317 12.92932278504976,42.98586833101766,906.317 12.929073,42.986051,904.3509999999999 12.929013,42.986101,904.2649999999999 12.928955,42.986151,903.7449999999999 12.928835,42.986249,902.3259999999998 12.928778,42.986304,901.7660000000001 12.928691,42.986432,900.6369999999999 12.928644,42.98658,899.1149999999998 12.928627,42.986738,897.765 12.928624,42.98682,897.111 12.928624,42.986902,896.5089999999999 12.928626,42.986985,896.1429999999999 12.928638,42.987158,896.114 12.928655,42.987246,896.0430000000001 12.928687,42.987333,895.4699999999999 12.92882,42.987473,894.354 12.92903,42.987528,893.014 12.929145,42.987526,892.7149999999999 12.929365,42.987511,892.2849999999999 12.929467,42.987504,892.1959999999998 12.92966,42.987501,892.8659999999999 12.929748,42.987506,893.4289999999999 12.92983,42.987514,894.921 12.929968,42.987551,897.109 12.930021,42.987584,897.7879999999999 12.930098,42.987672,897.7289999999999 12.930126,42.987722,897.5279999999998 12.930159,42.987822,896.6349999999999 12.930174,42.987874,896.1490000000001 12.930181,42.987929,895.5889999999999 12.930199,42.987984,895.0599999999999 12.930242,42.988101,894.3099999999999 12.930265,42.988159,894.1609999999998 12.930302,42.988282,893.6239999999999 12.930325,42.988405,893.0039999999999 12.930333,42.988467,892.614 12.930353,42.988587,892.309 12.930361,42.988645,891.9839999999999 12.930376,42.98876,890.535 12.930388,42.988868,889.384 12.930403,42.98892,889.331 12.930418,42.988973,889.4849999999999 12.930426,42.989026,889.3150000000002 12.930438,42.989143,888.7759999999998 12.93044,42.989203,888.5359999999999 12.930448,42.98932,888.717 12.930445,42.989452,888.6819999999999 12.930437,42.989519,888.3429999999998 12.930417,42.989659,887.617 12.930404,42.989802,887.0090000000001 12.930389,42.98994,886.3499999999999 12.930376,42.990077,886.0209999999998 12.930359,42.990217,885.9899999999999 12.930347,42.990287,885.8169999999998 12.930334,42.990357,885.9210000000002 12.930306,42.990504,886.3809999999999 12.930293,42.990576,886.682 12.930261,42.990719,887.452 12.930201,42.990856,888.0929999999998 12.930106,42.990968,888.3680000000001 12.929984,42.991068,888.1419999999999 12.929851,42.99116,889.226 12.929704,42.991245,890.7089999999998 12.929624,42.991282,891.7679999999998 12.929456,42.991334,892.9589999999997 12.929281,42.991374,892.6879999999999 12.929201,42.991382,892.1849999999998 12.929048,42.991384,890.1589999999998 12.928981,42.991384,889.1489999999999 12.928918,42.991382,888.2599999999999 12.928808,42.991375,886.9299999999998 12.928715,42.991368,886.0109999999999 12.928632,42.991363,885.2569999999998 12.928555,42.991353,884.5 12.928483,42.991343,884.0199999999999 12.928411,42.991338,883.6089999999999 12.928343,42.991331,883.2669999999999 12.928273,42.991328,883.0779999999999 12.928198,42.991325,882.9869999999999 12.92812,42.991327,883.074 12.928043,42.991339,883.4679999999998 12.92797,42.991344,883.518 12.927893,42.991362,884.1289999999999 12.927815,42.991377,884.659 12.927745,42.991394,885.05 12.927677,42.991406,885.1449999999999 12.927602,42.991421,885.2469999999998 12.927529,42.991444,885.611 12.927459,42.991466,886.109 12.927392,42.991481,886.2859999999998 12.92733,42.991501,886.557 12.927268,42.991528,886.9160000000002 12.927205,42.991558,887.543 12.927142,42.991585,888.3869999999998 12.927085,42.991605,888.927 12.92701,42.991632,889.8980000000003 12.926937,42.991662,890.888 12.926875,42.991685,891.4989999999998 12.92681,42.991712,891.9160000000001 12.926757,42.991744,892.4760000000001 12.9267,42.991786,892.9129999999999 12.926638,42.991823,893.0089999999999 12.926576,42.991865,893.173 12.926519,42.9919,893.2239999999999 12.926456,42.991933,893.3930000000001 12.926401,42.991963,893.4899999999999 12.926346,42.991993,893.674 12.926288,42.992013,893.5239999999999 12.926228,42.99204,893.6749999999998 12.926165,42.99207,893.635 12.926107,42.9921,893.8159999999999 12.926047,42.992125,893.9379999999999 12.92598,42.99215,893.97 12.925915,42.992168,893.817 12.925855,42.992188,893.7089999999999 12.925767,42.99221,893.6949999999999 12.925685,42.992225,893.576 12.925672,42.992273,894.615 12.925762,42.99228,895.1119999999999 12.925839,42.992292,895.8759999999999 12.925909,42.992322,897.3859999999999 12.925996,42.992345,898.8169999999999 12.926059,42.992358,899.817 12.926151,42.992356,900.898 12.926236,42.992363,902.134 12.926314,42.992365,903.2549999999999 12.926389,42.992358,903.9100000000001 12.926466,42.99235,904.2089999999999 12.926541,42.99234,904.4349999999998 12.926614,42.992325,904.466 12.926687,42.992312,904.495 12.926754,42.992297,904.552 12.926821,42.992285,904.776 12.926888,42.992267,904.626 12.926958,42.992249,904.7569999999999 12.927028,42.992227,905.3169999999998 12.9271,42.992205,906.518 12.927163,42.992183,907.564 12.927236,42.99217,908.9059999999999 12.927313,42.992158,910.516 12.927388,42.99215,912.2089999999999 12.927463,42.99214,913.8580000000001 12.927536,42.99213,915.0189999999999 12.927604,42.992123,915.948 12.927676,42.99212,917.115 12.927753,42.992112,918.2889999999999 12.927823,42.992102,918.7890000000001 12.927898,42.992099,919.5099999999998 12.927971,42.992092,920.0599999999998 12.928039,42.992094,920.8709999999999 12.928107,42.992097,921.7549999999999 12.928175,42.9921,922.6069999999997 12.928238,42.992098,923.2170000000001 12.928285,42.99214,926.0089999999998 12.928363,42.992142,926.9869999999999 12.92844,42.992135,927.2380000000001 12.928518,42.992128,927.5469999999999 12.928596,42.992123,927.874 12.928674,42.992121,928.468 12.928747,42.992113,928.658 12.92882,42.992108,929.029 12.9289,42.9921,929.289 12.928977,42.992093,929.39 12.929057,42.992088,929.571 12.929135,42.992081,929.641 12.929212,42.992071,929.515 12.929292,42.992071,930.109 12.929367,42.992073,930.769 12.929442,42.992075,931.4500000000002 12.929515,42.992078,931.919 12.929588,42.99208,932.3959999999998 12.929665,42.992082,932.7799999999999 12.929742,42.992085,933.2299999999999 12.929809,42.992092,933.9709999999999 12.929876,42.992102,934.8409999999999 12.929949,42.99211,935.6520000000003 12.930021,42.992117,936.3829999999998 12.930047,42.992124,936.8249999999998 12.930042,42.992129,937.117 12.930045,42.992129,937.2089999999999 12.930068,42.992134,937.67 12.930113,42.992171,940.2809999999999 12.930078,42.992211,942.66 12.929918,42.992198,941.4969999999998 12.929853,42.992215,942.5209999999997 12.92977,42.992228,943.4309999999999 12.929688,42.99225,944.842 12.92962,42.992267,945.6519999999999 12.929543,42.992285,946.5129999999999 12.929471,42.992307,947.6280000000002 12.929398,42.992334,948.789 12.929318,42.992352,949.0169999999999 12.929246,42.992365,949.1089999999999 12.929168,42.992378,949.114 12.929096,42.992395,949.5149999999998 12.929021,42.992417,950.2839999999999 12.928948,42.992432,950.4909999999999 12.928881,42.992444,950.585 12.928813,42.992471,951.225 12.928748,42.992493,951.6759999999999 12.928681,42.992516,951.9859999999998 12.928618,42.992544,952.6969999999998 12.928563,42.992572,953.2420000000001 12.928505,42.992599,953.522 12.92845,42.992624,953.7140000000001 12.928392,42.992657,954.2089999999998 12.928339,42.992694,954.966 12.928281,42.992729,955.4269999999998 12.928233,42.992764,956.126 12.928181,42.992799,957.2829999999999 12.928129,42.992839,958.8369999999999 12.928082,42.992874,960.2870000000001 12.928039,42.992919,962.498 12.927987,42.992956,964.0679999999999 12.927935,42.992993,965.6189999999999 12.927888,42.993035,967.6859999999999 12.927878,42.993087,970.76 12.927928,42.99312,973.726 12.928,42.993095,973.5089999999998 12.928057,42.993063,972.5799999999998 12.928134,42.99304,972.651 12.928204,42.993025,973.16 12.928276,42.993005,973.377 12.928341,42.992992,973.841 12.928401,42.992974,973.841 12.928464,42.992966,974.5219999999999 12.928527,42.992949,974.7619999999998 12.928589,42.992941,975.5529999999999 12.928652,42.992933,976.447 12.928714,42.992925,977.329 12.928779,42.992917,978.121 12.928851,42.992914,979.5090000000001 12.928913,42.992912,980.7659999999998 12.928986,42.992894,980.9269999999999 12.929069,42.992892,982.4559999999999 12.929149,42.992889,983.9429999999999 12.929234,42.992892,985.567 12.929306,42.99289,986.597 12.929379,42.992895,988.0979999999998 12.929447,42.992893,988.9579999999999 12.929517,42.992886,988.759 12.929585,42.992871,987.9569999999999 12.929668,42.992868,988 12.929731,42.992876,988.72 12.929793,42.992886,989.409 12.929856,42.992888,989.567 12.929923,42.992896,990.1279999999999 12.929991,42.992904,990.6470000000002 12.930061,42.992912,991.074 12.930131,42.992929,991.958 12.930206,42.992947,992.8879999999999 12.930286,42.992962,993.6889999999999 12.930354,42.992977,994.5889999999999 12.930426,42.992997,995.89 12.930498,42.993014,996.9309999999998 12.930565,42.993034,998.361 12.930627,42.993054,999.1069999999999 12.930687,42.993076,999.8089999999999 12.930744,42.993101,1000.575 12.930801,42.993121,1000.996 12.930864,42.993156,1002.185 12.930929,42.993169,1002.132 12.930984,42.993192,1002.726 12.931042,42.99323,1004.246 12.931095,42.993267,1005.637 12.931158,42.99329,1006.297 12.931223,42.993318,1007.048 12.93129,42.993345,1007.829 12.931352,42.993367,1008.5 12.931412,42.993389,1009.12 12.93148,42.993407,1009.309 12.931537,42.993434,1010.094 12.931599,42.993461,1010.515 12.931652,42.993489,1011.144 12.931712,42.993511,1011.841 12.931764,42.993538,1013.095 12.931822,42.993565,1014.195 12.93188,42.99359,1015.246 12.931938,42.993612,1016.126 12.932001,42.993632,1017.547 12.932073,42.99365,1018.789 12.932143,42.993665,1019.706 12.932221,42.993677,1020.626 12.932298,42.993682,1021.609 12.932368,42.993695,1022.82 12.932433,42.993703,1023.711 12.932498,42.993721,1024.95 12.932533,42.993769,1026.737 12.932555,42.993817,1028.441 12.9326,42.993869,1030.011 12.932637,42.993912,1031.362 12.932687,42.993955,1032.522 12.932717,42.994,1033.763 12.93274,42.994047,1034.987 12.932763,42.994094,1036.142 12.932786,42.994142,1037.326 12.932806,42.99419,1038.609 12.932839,42.994247,1040.39 12.932862,42.99429,1041.651 12.93289,42.994335,1042.85 12.932918,42.99438,1044.017 12.932935,42.994435,1045.611 12.932957,42.99448,1046.511 12.93296,42.994528,1047.512 12.932967,42.994578,1048.542 12.933004,42.99462,1048.993 12.933017,42.99467,1049.779 12.933029,42.994722,1050.505 12.933029,42.994772,1051.225 12.933044,42.994832,1051.809 12.933036,42.994887,1052.839 12.933024,42.994947,1053.99 12.933009,42.995005,1055.179 12.932996,42.995062,1056.346 12.932979,42.995125,1057.53 12.932964,42.995185,1058.68 12.932942,42.99524,1059.791 12.932919,42.9953,1060.451 12.932897,42.995352,1060.432 12.932874,42.99541,1060.278 12.932847,42.995465,1059.933 12.93283,42.99552,1059.526 12.932823,42.995575,1059.209 12.932823,42.995635,1059.579 12.932836,42.995692,1059.88 12.932861,42.995742,1060.229 12.932883,42.995792,1060.686 12.932878,42.995844,1061.08 12.932898,42.995906,1062.67 12.932895,42.995963,1064.011 12.93288,42.996018,1065.041 12.932868,42.99607,1066.032 12.932843,42.996118,1066.634 12.932808,42.996165,1066.855 12.932771,42.996215,1067.21 12.932738,42.996265,1068.209 12.932705,42.996317,1069.145 12.93268,42.996367,1069.956 12.93264,42.996417,1070.235 12.932598,42.996465,1070.042 12.932561,42.996517,1069.696 12.932518,42.996567,1068.756 12.932478,42.99662,1068.197 12.93244,42.996673,1067.997 12.932403,42.996723,1068.328 12.932368,42.996776,1068.793 12.932331,42.996831,1069.065 12.932296,42.996888,1069.321 12.932261,42.996945,1069.409 12.932226,42.996995,1069.261 12.932191,42.997045,1069.512 12.932156,42.997095,1069.891 12.932128,42.997148,1069.978 12.932095,42.997198,1070.052 12.932062,42.997255,1070.642 12.93203,42.997307,1071.513 12.931998,42.997357,1072.483 12.931958,42.997402,1073.264 12.931923,42.997447,1074.263 12.931893,42.997499,1075.244 12.93186,42.997547,1075.518 12.931825,42.99759,1075.909 12.931785,42.997637,1076.488 12.931745,42.997682,1076.849 12.931708,42.997729,1077.498 12.931668,42.997777,1078.075 12.931628,42.997827,1078.569 12.931595,42.997869,1078.989 12.931565,42.997924,1079.33 12.931512,42.997969,1079.84 12.931457,42.998009,1080.481 12.931422,42.998061,1080.614 12.93087789779116,42.99824928576871,1080.614 12.93057419313342,42.99842758181199,1080.614 12.93031725574211,42.99850076616717,1080.614 12.92997913413394,42.99856621757691,1080.614 12.92968551988361,42.99868942376298,1080.614 12.929622,42.998752,1092.358 12.929542,42.998774,1092.352 12.929465,42.998786,1092.517 12.929387,42.998796,1092.709 12.929307,42.998803,1092.947 12.929229,42.99881,1093.128 12.929154,42.998813,1093.457 12.929079,42.998803,1094.724 12.929007,42.998791,1096.098 12.928935,42.998791,1096.728 12.928862,42.998796,1097.289 12.928789,42.998796,1097.669 12.928721,42.998803,1097.76 12.928648,42.998808,1098.073 12.92858,42.998811,1098.285 12.928513,42.998814,1098.513 12.92844,42.998821,1098.609 12.928365,42.998834,1098.679 12.928293,42.998841,1099.08 12.928221,42.998841,1099.739 12.928148,42.998841,1100.496 12.928073,42.998844,1101.12 12.927991,42.998852,1102.09 12.927913,42.998862,1102.821 12.927843,42.998869,1103.621 12.927773,42.998877,1104.332 12.927695,42.998887,1104.987 12.92762,42.998899,1105.842 12.927552,42.998912,1106.726 12.927482,42.998919,1107.409 12.927419,42.998936,1107.92 12.927361,42.998951,1108.311 12.927311,42.998978,1108.92 12.927268,42.999015,1109.697 12.927245,42.99906,1110.391 12.92722,42.999103,1111.131 12.927188,42.999148,1111.782 12.927156,42.999195,1112.282 12.927138,42.999242,1112.663 12.92712,42.999294,1113.195 12.9271,42.999347,1113.649 12.927073,42.999397,1114.123 12.927041,42.999447,1114.609 12.927001,42.999492,1114.831 12.926963,42.999539,1114.982 12.926938,42.999592,1115.011 12.926941,42.999655,1115.078 12.926931,42.999718,1115.082 12.926913,42.999773,1114.912 12.926895,42.999818,1114.853 12.926878,42.999871,1114.793 12.926863,42.999926,1114.794 12.926838,42.999986,1114.873 12.926828,43.000036,1114.985 12.926808,43.000081,1115.013 12.926753,43.000128,1115.209 12.926695,43.000176,1115.379 12.926652,43.000214,1115.26 12.926607,43.000254,1114.969 12.926559,43.000286,1114.676 12.926507,43.000318,1114.21 12.92645,43.00035,1113.86 12.926387,43.000385,1113.261 12.92634,43.000437,1112.661 12.926338,43.000502,1112.222 12.926361,43.000564,1111.893 12.926393,43.000609,1111.565 12.92643,43.000659,1111.121 12.926477,43.000702,1110.909 12.926535,43.000742,1110.721 12.92659,43.000795,1110.222 12.926622,43.000863,1109.211 12.92661,43.000955,1107.228 12.926603,43.001075,1104.692 12.926611,43.001132,1103.692 12.926623,43.001227,1103.193 12.926625,43.001314,1102.663 12.92664,43.001402,1102.454 12.926647,43.00145,1102.412 12.92666,43.001498,1102.532 12.926672,43.00155,1102.505 12.926675,43.001605,1102.309 12.926672,43.001662,1102.153 12.926654,43.001792,1100.474 12.926637,43.001927,1098.593 12.926602,43.002059,1095.85 12.926545,43.002189,1092.824 12.926513,43.002254,1091.514 12.926438,43.002384,1089.045 12.926401,43.002447,1087.785 12.926361,43.002507,1086.516 12.926286,43.002625,1084.715 12.926216,43.002735,1083.065 12.926158,43.002835,1081.611 12.926145,43.002883,1081.109 12.926143,43.002983,1080.763 12.926155,43.003038,1080.624 12.926195,43.003153,1079.783 12.926215,43.00321,1079.29 12.926253,43.003328,1078.144 12.926261,43.00339,1077.264 12.926226,43.003505,1075.555 12.926138,43.003603,1074.175 12.92607,43.003715,1074.186 12.92605,43.003773,1074.181 12.926037,43.003825,1074.261 12.926022,43.003915,1074.517 12.926012,43.003978,1075.109 12.926017,43.004023,1075.55 12.92603,43.004075,1075.821 12.926055,43.004125,1076.16 12.926087,43.004168,1076.267 12.926112,43.004211,1076.621 12.92615,43.004266,1077.041 12.926205,43.004321,1077.212 12.92625,43.004359,1077.382 12.926308,43.004399,1077.213 12.92638,43.004429,1076.948 12.926475,43.004454,1075.961 12.926583,43.004489,1075.017 12.92664,43.004512,1074.609 12.926747,43.004555,1074.156 12.926845,43.004603,1073.927 12.926945,43.004656,1073.826 12.926997,43.004688,1073.713 12.9271,43.004753,1073.327 12.927148,43.004785,1073.097 12.927195,43.004815,1072.828 12.927283,43.004877,1072.448 12.927328,43.004909,1072.249 12.92741,43.004969,1071.999 12.92748,43.005024,1071.607 12.927547,43.005072,1070.927 12.927612,43.00512,1069.909 12.927674,43.005165,1069.031 12.927726,43.005208,1068.392 12.927771,43.005258,1067.941 12.927803,43.005311,1068.098 12.927846,43.005363,1067.852 12.927883,43.005415,1067.722 12.927918,43.005467,1067.583 12.927953,43.005517,1067.273 12.927991,43.005569,1066.764 12.928033,43.005626,1065.881 12.928075,43.005683,1065.161 12.928125,43.005753,1064.517 12.928185,43.005846,1063.709 12.92824,43.005961,1062.87 12.928258,43.006021,1062.571 12.928273,43.006084,1062.37 12.928296,43.006206,1061.817 12.928294,43.006264,1061.951 12.928279,43.006352,1062.281 12.928252,43.006407,1062.732 12.928219,43.00645,1063.532 12.928194,43.006497,1064.243 12.928176,43.006555,1064.847 12.928161,43.0066,1065.429 12.928153,43.006645,1065.821 12.928153,43.006692,1065.909 12.928166,43.006737,1065.546 12.928198,43.006779,1064.447 12.92829,43.006802,1061.136 12.92841,43.006794,1057.963 12.928472,43.006789,1056.587 12.928595,43.006776,1053.817 12.928725,43.006754,1051.148 12.928858,43.006737,1048.628 12.928975,43.006747,1045.949 12.929077,43.006784,1043.554 12.929124,43.006821,1042.556 12.929196,43.006933,1041.211 12.929251,43.007068,1040.109 12.929284,43.007131,1039.697 12.929367,43.007246,1038.528 12.92941,43.007298,1037.997 12.929495,43.007395,1036.544 12.929535,43.007437,1035.868 12.929593,43.007504,1034.818 12.92962,43.007547,1034.099 12.929617,43.007609,1033.949 12.9296,43.007656,1034.14 12.929577,43.007706,1034.484 12.92954,43.007743,1035.107 12.929497,43.007781,1035.817 12.929452,43.007823,1035.909 12.929434,43.007878,1035.02 12.929444,43.007946,1033.471 12.929446,43.008019,1031.84 12.929448,43.008096,1030.197 12.929451,43.008173,1028.461 12.929469,43.008245,1026.651 12.929506,43.008302,1024.812 12.929549,43.008345,1023.382 12.929602,43.008382,1021.823 12.929674,43.008414,1020.083 12.929756,43.008456,1017.825 12.929826,43.008494,1015.917 12.929891,43.008536,1014.009 12.929971,43.008568,1012.23 12.930068,43.008576,1010.621 12.930173,43.008579,1009.04 12.930275,43.008582,1007.527 12.930372,43.00859,1005.971 12.930474,43.008607,1004.231 12.930591,43.008624,1002.062 12.930653,43.008641,1000.492 12.930761,43.008694,997.933 12.930823,43.008734,996.7149999999999 12.930933,43.008821,994.965 12.931023,43.008873,993.9109999999998 12.931075,43.008905,993.309 12.931132,43.008935,992.9829999999998 12.931199,43.008978,992.8339999999999 12.931261,43.009025,993.023 12.931308,43.009055,993.34 12.931365,43.009102,994.044 12.93141,43.009147,994.8440000000001 12.931482,43.009184,995.7249999999999 12.931547,43.009236,996.535 12.931604,43.009278,997.4359999999999 12.931659,43.009311,998.491 12.931711,43.009344,999.681 12.931748,43.009386,1000.719 12.931778,43.009439,1001.909 12.931816,43.009532,1002.181 12.931849,43.009572,1002.572 12.931879,43.009619,1002.921 12.931907,43.009671,1003.378 12.931934,43.009728,1003.792 12.931976,43.009783,1004.262 12.932006,43.009836,1004.493 12.931999,43.009881,1003.663 12.932014,43.009934,1003.464 12.932031,43.009979,1003.493 12.932049,43.010036,1003.065 12.932069,43.010093,1002.421 12.932092,43.010135,1002.409 12.93212,43.010177,1002.761 12.932152,43.010234,1002.832 12.932169,43.010296,1002.471 12.932182,43.010341,1002.378 12.932195,43.010406,1001.922 12.932222,43.010476,1002.122 12.93224,43.010519,1002.283 12.932263,43.010564,1002.223 12.932316,43.010674,1001.374 12.932338,43.010741,1000.453 12.93237,43.010874,998.304 12.932427,43.010986,997.6139999999999 12.932439,43.011038,996.6089999999999 12.932452,43.011143,994.9869999999999 12.932459,43.011195,994.9679999999998 12.932484,43.011283,995.6369999999999 12.932487,43.011386,995.4540000000001 12.932492,43.011484,995.3579999999999 12.932504,43.011587,995.5879999999999 12.932504,43.011637,995.3889999999999 12.932506,43.011687,995.5289999999999 12.932504,43.011785,996.0499999999997 12.932494,43.011832,995.9569999999999 12.932467,43.011935,995.3999999999997 12.93245,43.011992,993.9199999999998 12.932437,43.012129,991.2089999999998 12.932452,43.012279,989.877 12.932465,43.012349,989.4379999999999 12.9325,43.012481,989.3669999999998 12.932523,43.012604,987.064 12.932533,43.012666,985.628 12.932571,43.012791,983.688 12.932584,43.012854,983.119 12.932606,43.012981,982.0589999999999 12.932619,43.013043,981.51 12.932631,43.013105,981.4529999999999 12.932669,43.01323,981.8039999999997 12.932694,43.013363,981.4139999999999 12.932709,43.013515,979.1089999999999 12.932714,43.013598,977.667 12.932717,43.013681,976.248 12.93275,43.013844,974.087 12.932825,43.013979,972.224 12.93291,43.014081,970.0279999999999 12.932973,43.014151,968.4880000000001 12.93301,43.014191,967.8589999999999 12.933057,43.014231,967.519 12.9331,43.014269,967.03 12.93312,43.014316,966.4839999999998 12.933095,43.014373,966.207 12.933063,43.014438,966.0169999999998 12.933075,43.014538,964.7089999999999 12.933078,43.014603,963.9199999999998 12.933073,43.01474,962.081 12.933053,43.014878,957.42 12.933023,43.015011,953.0170000000001 12.932993,43.015143,949.751 12.932966,43.015278,946.341 12.932941,43.015411,943.8219999999998 12.932928,43.015474,942.6319999999999 12.932893,43.015596,940.263 12.932865,43.015658,939.076 12.93283,43.015718,938.09 12.93275,43.015845,935.419 12.932665,43.015978,932.0089999999999 12.932577,43.016125,929.7890000000001 12.932537,43.016198,929.89 12.932472,43.016343,929.8489999999999 12.93242,43.016478,927.346 12.932388,43.016541,925.61 12.932351,43.016603,923.9399999999999 12.932306,43.016658,922.5809999999999 12.932213,43.016746,919.8709999999999 12.932143,43.016828,916.942 12.932125,43.016926,914.7559999999999 12.932138,43.017044,913.1589999999999 12.932113,43.017174,911.2139999999999 12.932086,43.017246,910.4090000000001 12.932001,43.017393,910.0169999999998 12.931958,43.017466,910.038 12.931891,43.017621,909.5769999999999 12.931866,43.017701,909.2839999999998 12.931823,43.017859,908.6879999999999 12.931785,43.018002,907.7180000000001 12.93177,43.018075,907.229 12.93176,43.01815,906.769 12.931753,43.0183,905.5700000000001 12.93174,43.018408,905.5819999999999 12.93174560658601,43.01849227710441,905.909 12.93142234571534,43.01855385807219,905.909 12.93101909374123,43.01859140439088,899.8099999999998 12.93070927712137,43.0187005844,899.8099999999998 12.93051817344247,43.01883887151403,899.8099999999998 12.93023629210322,43.01895953011062,899.8099999999998 12.92976130474413,43.01912079460108,897.6910000000001 12.92919831135626,43.01923228334968,895.797 12.92910835544367,43.01922142187402,895.797 12.92896982474168,43.01916663267581,895.797 12.92884417410344,43.01914884346813,893.931 12.92875898369,43.01915651643471,893.4609999999998 12.92868890463728,43.01918505391269,893.1069999999999 12.92862919715022,43.01920801477375,893.0089999999999 12.92857360076759,43.01924690736652,893.0849999999999 12.92851361876888,43.0192672754227,892.966 12.92844322436645,43.01929866336485,892.966 12.92829546956847,43.01926262181446,891.7759999999998 12.92818466159004,43.01926034545929,890.886 12.92774049492276,43.01916080789604,883.822 12.92744413997124,43.0191371894415,879.187 12.9273552874929,43.01913964819032,878.8559999999999 12.927286,43.019232,879.1529999999999 12.927228,43.01927,879.6669999999999 12.927155,43.019308,880.057 12.927085,43.019329,879.938 12.927012,43.019346,879.7479999999999 12.926943,43.019355,879.4990000000003 12.926874,43.019356,878.843 12.92681,43.019366,878.5639999999999 12.926745,43.019379,878.3099999999998 12.926678,43.019392,878.2089999999999 12.926617,43.019397,878.1160000000001 12.926553,43.019394,877.8569999999999 12.92646644008183,43.01933195165989,876.2769999999998 12.92515047641939,43.01916686410865,877.567 12.92352941650478,43.02150441169496,845.4180000000001 12.92354164792512,43.02167163801855,845.4180000000001 12.92371313875256,43.0217697139817,845.4180000000001 12.92392065690902,43.02189192324233,845.4180000000001 12.92401035248053,43.02197502209858,837.0179999999999 12.92405434044964,43.02209656261233,837.0179999999999 12.92401797068394,43.02229584327636,834.799 12.92374235484916,43.02230939324477,834.799 12.92374582156837,43.02230939334387,834.799 12.92346718444792,43.02234759639459,834.799 12.92287244297822,43.02248712884073,834.799 12.92256564695766,43.0225994523548,817.876 12.92163879205467,43.02314795642489,817.876 12.9202829901002,43.02373373655934,817.876 12.91910008107517,43.02440845235868,772.59 12.91895704530548,43.0246313406677,772.59 12.91890376396302,43.02511908992448,770.0189999999999 12.91896132789179,43.025284711862,770.0189999999999 12.91915417850591,43.02558423243008,770.509 12.91911170184735,43.02575250447468,770.509 12.91861675099759,43.02649506571079,768.119 12.91874421030626,43.02694460784519,768.119 12.918665,43.027191,765.3099999999999 12.918059,43.028479,761.5890000000001 12.91795699613053,43.0285605110385,760.086 12.91710291159162,43.02829432402876,761.75 12.91703420720827,43.02828207005057,762.097 12.91304089271634,43.02799010111887,762.097 12.910874,43.027884,760.1609999999998 12.910807,43.027886,760.451 12.910737,43.02789,760.7619999999999 12.910667,43.027894,761.187 12.910595,43.027902,761.442 12.910527,43.027919,761.626 12.910461,43.027942,761.509 12.91039,43.027959,761.5700000000001 12.910325,43.02798,761.351 12.910264,43.028002,761.1900000000001 12.910205,43.028027,761.127 12.910144,43.02805,761.141 12.910085,43.028075,761.151 12.910022,43.028098,761.122 12.909963,43.028123,761.2719999999999 12.909904,43.028147,761.373 12.909846,43.028169,761.492 12.909792,43.028195,761.473 12.909739,43.028225,761.22 12.909688,43.028254,760.809 12.909641,43.028285,760.321 12.909589,43.028315,759.872 12.909541,43.028346,759.6609999999999 12.909491,43.028376,759.798 12.909443,43.028407,759.752 12.909393,43.028436,759.722 12.909345,43.028468,759.763 12.909299,43.028498,759.653 12.909252,43.028527,759.564 12.909157,43.028586,759.2380000000001 12.909109,43.028614,759.0700000000001 12.90902,43.028676,758.817 12.90897,43.028703,758.7089999999999 12.908875,43.028755,758.5549999999999 12.908786,43.028809,758.426 12.908692,43.028855,758.275 12.908598,43.028903,757.952 12.908506,43.02895,757.686 12.908413,43.028994,757.266 12.908296,43.029033,757.067 12.908235,43.029047,756.977 12.908175,43.029063,756.798 12.908055,43.029089,756.669 12.907993,43.029099,756.704 12.907882,43.029129,756.924 12.907823,43.029144,757.009 12.907706,43.02917,757.558 12.907585,43.029192,758.269 12.90747,43.029218,758.718 12.907349,43.029243,758.635 12.907288,43.029254,758.699 12.907228,43.029269,758.689 12.907167,43.02928,758.5700000000001 12.907041,43.029303,758.25 12.906981,43.029321,758.051 12.906925,43.02934,757.732 12.906861,43.029345,757.692 12.906805,43.029364,757.4109999999999 12.906745,43.029379,757.3089999999999 12.906629,43.029406,757.175 12.90657,43.029425,757.1660000000001 12.90651,43.029447,757.015 12.90645,43.029467,756.972 12.906394,43.02949,756.866 12.90628,43.029519,756.676 12.906223,43.029538,756.577 12.906117,43.029579,756.027 12.906063,43.029603,755.968 12.906003,43.029627,755.726 12.905894,43.029667,755.447 12.905831,43.029687,755.3109999999999 12.905733,43.029736,755.309 12.90569,43.029769,755.314 12.905603,43.029831,755.465 12.905525,43.0299,755.544 12.905488,43.029937,755.561 12.905449,43.029972,755.515 12.905404,43.030005,755.625 12.905363,43.03004,755.756 12.905325,43.030079,755.986 12.905287,43.030116,756.037 12.905248,43.030152,756.187 12.905205,43.030186,756.242 12.905171,43.030227,756.326 12.905127,43.030264,756.509 12.905049,43.03033,756.84 12.905009,43.030367,757.091 12.90497,43.030404,757.1799999999999 12.904931,43.030439,757.2569999999999 12.904852,43.030508,757.5309999999999 12.904812,43.030543,757.761 12.904733,43.030603,758.072 12.904663,43.030671,758.222 12.904586,43.030733,758.533 12.90451,43.030798,758.875 12.904428,43.030854,758.928 12.904347,43.030899,758.62 12.904263,43.030935,758.509 12.904175,43.030959,758.569 12.90408,43.030968,758.77 12.903977,43.030975,758.869 12.903875,43.03097,759.146 12.903814,43.031111,759.54 12.903771,43.03118,759.671 12.903746,43.031237,759.671 12.903728,43.031301,759.572 12.903711,43.031357,759.443 12.903669,43.031411,759.4640000000001 12.903611,43.031469,759.11 12.903548,43.031515,758.909 12.903491,43.031566,758.576 12.903437,43.031608,758.377 12.903379,43.031653,758.056 12.903324,43.0317,757.763 12.903274,43.03176,757.227 12.903214,43.031816,756.827 12.903146,43.031869,756.528 12.903098,43.031924,756.188 12.90306,43.031985,755.769 12.903007,43.032033,755.546 12.902973,43.032098,755.288 12.902933,43.032155,754.9160000000001 12.90288,43.032206,754.7089999999999 12.902843,43.032275,754.886 12.902796,43.032335,754.967 12.902758,43.032412,755.096 12.902738,43.032455,755.053 12.902701,43.032535,755.177 12.90267,43.032611,755.477 12.902632,43.032685,755.778 12.902605,43.032757,755.998 12.902562,43.03284,756.0890000000001 12.902529,43.032929,756.047 12.902491,43.033007,756.029 12.902453,43.033082,755.8209999999999 12.90241,43.033157,755.409 12.90238,43.033238,755.0859999999999 12.902341,43.033308,754.747 12.90229,43.033376,754.686 12.902234,43.033437,754.633 12.902194,43.033503,754.597 12.90215,43.033574,754.437 12.902095,43.033641,754.528 12.902042,43.033691,754.638 12.901997,43.033752,754.849 12.901952,43.033809,755.0839999999999 12.901895,43.033864,755.0069999999999 12.90183,43.033923,755.0170000000001 12.901783,43.033989,755.009 12.901727,43.034045,755.01 12.901688,43.034112,755.011 12.901647,43.034169,754.91 12.901596,43.034227,754.867 12.90155,43.034288,754.891 12.901503,43.034346,754.821 12.901455,43.034411,754.982 12.901406,43.034475,755.092 12.901366,43.034535,755.0429999999999 12.901322,43.034592,755.0429999999999 12.901265,43.034641,755.064 12.90122,43.034695,755.01 12.901174,43.034747,755.009 12.901125,43.034796,755.016 12.901075,43.034853,755.197 12.901009,43.034899,755.236 12.900937,43.03495,755.523 12.900872,43.034989,755.857 12.900803,43.035032,756.167 12.900731,43.035076,756.478 12.900664,43.035124,756.678 12.900594,43.035175,756.919 12.900506,43.035221,757.1950000000001 12.900431,43.035262,757.449 12.900334,43.035294,757.823 12.900245,43.03534,758.009 12.90017,43.035375,758.0410000000001 12.900093,43.035408,758.032 12.900017,43.035436,758.091 12.899961,43.03547,757.928 12.899904,43.035497,757.712 12.899845,43.035524,757.482 12.899786,43.035561,757.2329999999999 12.899731,43.0356,757.0429999999999 12.899677,43.035634,757.044 12.899624,43.035665,757.024 12.89956,43.035686,757.0039999999999 12.899481,43.035723,757.014 12.899406,43.035762,757.109 12.899339,43.035804,757.354 12.899287,43.035855,757.655 12.899247,43.035898,757.8440000000001 12.899196,43.035933,757.931 12.899134,43.03597,758.0650000000001 12.899061,43.036019,758.125 12.898985,43.036072,758.516 12.898911,43.036122,758.926 12.898823,43.036171,758.8869999999999 12.898734,43.036222,758.798 12.898641,43.036287,758.715 12.89859,43.036312,758.726 12.898539,43.036339,758.809 12.898489,43.036372,758.961 12.898434,43.036402,759.052 12.898378,43.036434,758.861 12.898326,43.036464,758.768 12.898271,43.036495,758.522 12.898189,43.03655,758.282 12.898124,43.036598,758.1130000000001 12.898061,43.036633,758.013 12.898003,43.036669,758.294 12.897941,43.036698,758.263 12.897886,43.036732,758.144 12.897831,43.036769,758.1180000000001 12.897778,43.036803,758.009 12.897728,43.036838,757.978 12.897667,43.036875,757.889 12.897602,43.03691,757.8779999999999 12.897553,43.036941,757.895 12.897495,43.036981,757.889 12.897438,43.03701,757.819 12.897377,43.037036,757.99 12.897313,43.037063,758.1799999999999 12.897257,43.037094,758.351 12.89719,43.037112,758.436 12.897111,43.03712,758.417 12.897043,43.037126,758.318 12.896976,43.037134,758.309 12.896914,43.037133,758.375 12.896838,43.037136,758.346 12.89672861483812,43.03711583588672,758.376 12.89658685975924,43.03713357053149,758.376 12.89624554885214,43.0373240147531,758.297 12.89533464015747,43.03810221939356,758.297 12.895095,43.038172,773.787 12.89479658325332,43.03817519556233,779.028 12.89475836798497,43.03824154569779,779.028 12.89483683715271,43.03831012942647,779.028 12.89505449468619,43.03893018291857,779.028 12.8951067274016,43.03976155347015,810.8439999999999 12.89508652803518,43.03979351324895,810.8439999999999 12.89501783667412,43.03980840915457,810.8439999999999 12.89496182415274,43.03974069196578,810.8439999999999 12.89373530493205,43.03936044082536,810.8439999999999 12.89304062146582,43.0392233559965,810.8439999999999 12.89260859849994,43.03923684024946,810.8439999999999 12.89208504658656,43.03928086087506,810.8439999999999 12.89178179528249,43.03941146030694,810.8439999999999 12.89172421864743,43.03944235580582,810.8439999999999 12.89169803433285,43.0394892356599,843.8149999999998 12.89170912354077,43.03955479740497,843.8149999999998 12.89180443279518,43.03959594352503,843.8149999999998 12.89179972226713,43.03960228477168,843.8149999999998 12.89198491552915,43.03967303942797,843.8149999999998 12.89217560546128,43.03979156007008,843.8149999999998 12.89238548999535,43.04002248991451,843.8149999999998 12.89249967332686,43.04017407441336,843.8149999999998 12.89251063925668,43.04025394703013,843.8149999999998 12.89242670878419,43.04033126463224,843.8149999999998 12.89224895791457,43.04040780278528,843.8149999999998 12.89182185025871,43.04079099498531,867.1359999999999 12.89179231600768,43.04097594481234,867.1359999999999 12.89182085977473,43.0411465418517,867.1359999999999 12.89191111931545,43.04126431800037,867.1359999999999 12.89196432322002,43.04134855144007,881.1159999999999 12.892064,43.041638,886.663 12.892107,43.041754,888.5469999999998 12.892127,43.041946,892.0169999999999 12.892114,43.042072,895.928 12.892094,43.042129,897.628 12.891885,43.04239,904.5889999999999 12.891849,43.042469,906.313 12.89183,43.042566,907.543 12.891829,43.042748,908.8069999999999 12.891803,43.042959,910.309 12.891825,43.043148,912.133 12.891817,43.043149,912.2539999999999 12.891827,43.043205,912.833 12.89187,43.04324,913.2299999999999 12.891871,43.043293,913.854 12.891904,43.043337,914.124 12.891963,43.043355,913.9449999999998 12.892029,43.043376,913.5650000000001 12.892084,43.043411,913.3959999999998 12.892146,43.043441,913.1660000000001 12.892211,43.04348,913.129 12.892278,43.043498,912.6209999999999 12.892337,43.043519,912.1089999999999 12.892401,43.043548,911.4579999999999 12.892454,43.043575,910.759 12.892515,43.043615,909.9379999999999 12.892553,43.043652,909.795 12.892598,43.043686,909.489 12.892658,43.043708,908.8989999999999 12.892719,43.043732,908.25 12.892778,43.043756,907.5599999999998 12.892838,43.043779,907.451 12.892906,43.043803,907.2329999999998 12.892981,43.043832,907.123 12.893062,43.043868,906.915 12.893144,43.043908,907.5089999999999 12.893231,43.043953,907.9649999999999 12.89333,43.044008,908.026 12.893427,43.044063,907.9549999999999 12.893522,43.044121,907.582 12.89362,43.044181,906.866 12.893712,43.044244,906.146 12.893823,43.044308,905.187 12.893937,43.044362,904.397 12.89401,43.044403,903.9979999999999 12.894059,43.04444,903.729 12.894133,43.044474,903.5 12.894213,43.044508,903.1199999999999 12.894302,43.044545,902.6089999999998 12.894393,43.044583,902.0439999999999 12.894479,43.044621,901.2549999999999 12.894557,43.044669,900.294 12.894604,43.044724,899.451 12.894603,43.044773,898.2550000000001 12.894547,43.044794,897.8150000000001 12.89447,43.044865,895.9959999999999 12.894404,43.044911,894.7659999999998 12.894319,43.044935,894.237 12.894198,43.044967,893.7829999999999 12.894086,43.045026,893.1249999999998 12.894041,43.045066,892.717 12.894078,43.045104,891.6089999999999 12.89411,43.045157,890.22 12.894176,43.045202,888.5410000000001 12.894263,43.045248,886.4199999999998 12.894361,43.045295,883.627 12.894438,43.045344,880.561 12.894503,43.045377,878.891 12.894582,43.045408,877.1420000000001 12.894658,43.045439,875.472 12.89472,43.045461,874.1829999999999 12.894797,43.045485,873.429 12.894878,43.045499,873.1 12.894953,43.04552,872.52 12.895016,43.045546,871.4089999999999 12.895089,43.045594,869.1739999999999 12.895148,43.045626,867.515 12.895211,43.045669,865.3339999999999 12.895271,43.045718,862.8809999999999 12.895321,43.045759,860.6849999999998 12.895389,43.045822,857.2649999999999 12.895457,43.045891,853.7859999999998 12.895507,43.045945,850.9260000000003 12.895553,43.045995,848.4569999999999 12.895642,43.046055,845.9850000000001 12.89573,43.046112,843.689 12.895807,43.046162,842.117 12.895897,43.0462,840.7089999999998 12.895988,43.046218,840.03 12.896004,43.046217,840.1809999999999 12.89601,43.046231,839.6699999999998 12.896033,43.046215,840.1969999999999 12.896086,43.046253,838.971 12.895271,43.046459,832.8509999999999 12.895209,43.046522,831.7420000000001 12.895037,43.046497,834.832 12.895022,43.046548,833.7829999999998 12.895022,43.046646,831.1109999999999 12.895047,43.046735,829.3209999999999 12.895091,43.046819,827.4029999999999 12.895151,43.046898,824.909 12.895216,43.046976,822.463 12.895283,43.047053,820.164 12.89540128711724,43.0471428959701,817.9529999999997 12.89551897298455,43.04725958594415,813.5099999999999 12.89565521875252,43.04741969825022,810.324 12.89583047322629,43.04759663234987,809.2140000000001 12.8960135154086,43.04777541752703,808.255 12.896128,43.047956,805.7150000000001 12.89620836522415,43.04796727547608,801.526 12.89627119108384,43.04790838991156,800.538 12.89626786261128,43.04783460947642,800.0700000000002 12.89626975044577,43.04776458581486,799.1169999999998 12.89628042016728,43.04766472733995,798.009 12.89632285865594,43.0475609926953,796.535 12.89640299117716,43.04751387100483,794.8359999999999 12.89649413963724,43.04745381632448,792.475 12.89657845107455,43.0474442479717,792.475 12.896853,43.047382,786.086 12.896934,43.047363,784.747 12.897011,43.047342,783.7670000000001 12.897074,43.0473,783.2780000000001 12.897131,43.04725,782.7769999999999 12.897174,43.047186,782.8609999999999 12.897216,43.047125,782.9269999999999 12.897311,43.046993,783.0090000000001 12.897458,43.046873,781.829 12.897543,43.046823,780.4699999999999 12.897633,43.046775,778.7590000000001 12.897725,43.046724,776.826 12.897802,43.046677,775.39 12.897866,43.04663,774.77 12.897903,43.046589,774.4109999999999 12.897936,43.046545,774.361 12.89796,43.046493,774.472 12.897975,43.046429,774.836 12.89831691570093,43.04515314311661,765.441 12.898336,43.045099,764.3049999999999 12.898383,43.045096,763.409 12.898475,43.04514,761.754 12.898771,43.045356,755.365 12.898872,43.045424,753.984 12.899166,43.045581,753.611 12.899617,43.045751,752.625 12.900252,43.045887,752.955 12.900325,43.045901,753.246 12.900852,43.045996,753.576 12.901533,43.046076,752.477 12.901766,43.046098,751.6849999999998 12.90224,43.046168,751.289 12.902363,43.046196,751.317 12.902606,43.046271,751.631 12.902685,43.046291,751.681 12.902772,43.046309,751.722 12.902854,43.046329,751.6420000000001 12.902938,43.046353,751.473 12.903017,43.046377,751.189 12.903109,43.046399,750.9059999999999 12.903197,43.04642,750.726 12.903272,43.046446,750.509 12.903351,43.046463,750.3200000000001 12.903424,43.046483,750.611 12.903492,43.046503,750.74 12.903571,43.046515,750.917 12.903641,43.046534,751.011 12.903725,43.046549,751.021 12.903815,43.046574,751.0119999999999 12.903911,43.046599,751.172 12.904011,43.046626,751.463 12.904097,43.046645,751.766 12.904189,43.046668,752.129 12.904281,43.046689,752.421 12.904369,43.046716,752.7089999999999 12.904463,43.046742,753.158 12.904555,43.046758,753.4690000000001 12.904636,43.046793,753.7380000000001 12.904722,43.046812,754.045 12.90481,43.04683,754.149 12.904893,43.046859,754.229 12.904984,43.04688,754.5700000000001 12.905075,43.046903,754.5499999999998 12.905174,43.046922,754.371 12.905264,43.046949,754.112 12.905353,43.046986,754.0319999999999 12.905441,43.04701,753.905 12.905532,43.047038,754.009 12.905613,43.047072,754.573 12.905704,43.047103,754.9640000000001 12.905788,43.04714,755.4829999999999 12.905878,43.047171,755.66 12.905962,43.047203,755.9439999999998 12.906045,43.047237,756.044 12.906131,43.047277,756.075 12.906217,43.047319,755.915 12.906307,43.047352,755.756 12.906393,43.047383,755.422 12.906485,43.047418,755.2619999999999 12.906569,43.047449,755.1079999999999 12.906646,43.047484,755.009 12.906729,43.047517,755.0839999999999 12.906794,43.047553,755.045 12.906867,43.047574,755.0940000000001 12.906927,43.047591,755.061 12.907007,43.047631,755.015 12.907095,43.047667,755.0549999999999 12.907193,43.047702,755.066 12.907293,43.04774,754.7859999999999 12.907385,43.047775,754.447 12.907476,43.047807,754.175 12.907571,43.04784,753.728 12.907662,43.047878,753.4199999999998 12.907752,43.047913,753.109 12.907837,43.047944,752.919 12.907926,43.047981,752.6900000000001 12.908006,43.048015,752.379 12.908098,43.048052,752.086 12.908174,43.048088,752.09 12.908226,43.048113,752.05 12.908305,43.04815,752.0410000000001 12.908384,43.04819,752.051 12.908477,43.048229,752.0119999999999 12.908574,43.04827,752.0479999999999 12.908655,43.048313,752.061 12.908746,43.048355,752.217 12.908815,43.048394,752.409 12.908903,43.048442,752.836 12.908985,43.048488,752.947 12.909074,43.048533,753.066 12.909153,43.048574,752.943 12.909237,43.048612,752.827 12.909316,43.048653,752.817 12.909403,43.048697,752.828 12.909498,43.048749,752.958 12.909575,43.048794,753.039 12.909666,43.048838,753.054 12.90975,43.048879,753.056 12.909828,43.048926,753.211 12.90991,43.048975,753.409 12.909981,43.049023,753.557 12.910057,43.049066,753.698 12.910132,43.049107,753.797 12.910201,43.049153,753.994 12.910262,43.04919,754.188 12.910329,43.049231,754.178 12.910397,43.049271,754.179 12.910476,43.049309,754.279 12.910545,43.049352,754.37 12.910607,43.049391,754.567 12.910684,43.049437,754.581 12.910768,43.049482,754.319 12.910846,43.049526,754.309 12.910925,43.049575,754.578 12.911001,43.049624,754.689 12.911075,43.049667,754.898 12.911164,43.049715,755.025 12.911244,43.049767,755.179 12.911314,43.049808,755.289 12.911384,43.049852,755.5700000000001 12.91146,43.049891,755.51 12.911536,43.049934,755.421 12.911605,43.049979,755.2809999999998 12.911684,43.050019,754.961 12.911772,43.050062,754.817 12.911846,43.050098,754.609 12.911931,43.050137,754.52 12.911997,43.050169,754.491 12.912075,43.050203,754.58 12.912145,43.050225,754.617 12.912217,43.050254,754.991 12.912287,43.050279,755.261 12.912347,43.050303,755.552 12.912418,43.05032,755.942 12.912484,43.050351,756.2329999999999 12.912558,43.050376,756.452 12.912649,43.050405,756.553 12.91274,43.050436,756.6079999999999 12.912843,43.050459,756.609 12.912945,43.050488,756.667 12.913052,43.050513,756.728 12.913155,43.050539,756.547 12.913258,43.050562,756.394 12.913364,43.050585,755.928 12.913472,43.050607,755.3379999999999 12.91358,43.050641,754.829 12.913693,43.050667,754.5890000000001 12.913804,43.050696,754.35 12.913919,43.050724,754.119 12.91403,43.050751,754.109 12.914126,43.050788,754.019 12.914227,43.050818,753.9089999999999 12.914281,43.050841,754.073 12.914391,43.050878,754.0839999999999 12.914495,43.050924,753.893 12.914605,43.05096,753.4199999999998 12.9147,43.051005,753.114 12.914798,43.05104,752.894 12.914901,43.05108,752.465 12.914999,43.051115,752.015 12.915058,43.051132,751.9160000000001 12.915114,43.051155,751.728 12.915222,43.051202,751.5890000000001 12.915278,43.051227,751.417 12.915375,43.051269,751.609 12.91547,43.051295,751.784 12.91556,43.051336,751.855 12.915668,43.051369,751.654 12.915771,43.051408,751.461 12.915877,43.051445,751.525 12.915981,43.05148,752.0749999999999 12.916087,43.051516,752.466 12.91619,43.051547,752.676 12.9163,43.051585,752.777 12.916406,43.051617,752.845 12.916508,43.051646,753.0469999999999 12.916609,43.051679,753.011 12.916707,43.051708,753.309 12.916798,43.051736,753.646 12.916899,43.051771,753.987 12.917,43.051795,753.9160000000001 12.917096,43.051824,753.823 12.917195,43.051847,753.7569999999998 12.917287,43.051877,753.847 12.917387,43.051909,753.928 12.91748,43.051937,754.018 12.91758,43.051965,754.129 12.917674,43.05199,754.254 12.917778,43.052019,754.356 12.917886,43.052053,754.211 12.917982,43.052075,754.109 12.918092,43.052103,754.167 12.918192,43.052134,754.448 12.918302,43.052163,754.657 12.918411,43.052196,755.0739999999998 12.918516,43.052228,755.718 12.918619,43.052261,756.148 12.918726,43.052292,756.0890000000001 12.918836,43.05232,756.119 12.918931,43.052346,756.25 12.919024,43.052373,756.168 12.919117,43.052398,756.1419999999999 12.919208,43.052428,755.926 12.919303,43.052452,755.509 12.919398,43.052481,755.1180000000001 12.919498,43.052504,754.819 12.919588,43.052521,754.758 12.91968,43.052538,754.795 12.919771,43.052555,754.849 12.919863,43.052568,755.099 12.919961,43.052581,755.21 12.920054,43.052588,755.37 12.92015,43.052594,755.571 12.920239,43.052597,755.758 12.920327,43.052604,756.052 12.920404,43.052605,756.317 12.920495,43.052613,756.7089999999999 12.920583,43.052617,757.187 12.920674,43.052616,757.228 12.920761,43.052625,757.487 12.920858,43.052636,757.664 12.920947,43.052645,757.968 12.921042,43.052657,758.328 12.921134,43.05267,758.7190000000001 12.921237,43.052676,759.189 12.921345,43.052691,759.59 12.921457,43.052703,760.028 12.921553,43.052718,760.5890000000001 12.921632,43.052725,760.917 12.921701,43.052737,761.009 12.921787,43.052755,761.044 12.921883,43.052758,760.955 12.921979,43.052763,760.9640000000001 12.922079,43.052762,760.971 12.922181,43.052755,760.955 12.922275,43.052748,761.135 12.922378,43.052733,761.476 12.922477,43.052715,761.796 12.922581,43.052698,762.647 12.92267,43.052676,763.4109999999999 12.922748,43.052657,764.021 12.92283,43.052642,764.103 12.922914,43.052624,764.009 12.923006,43.052611,763.953 12.923086,43.052605,763.884 12.923165,43.052593,763.273 12.923248,43.052587,762.61 12.92334,43.052576,761.974 12.923415,43.05258,761.454 12.923499,43.05258,760.855 12.923576,43.052586,760.475 12.923661,43.052589,759.616 12.923748,43.052601,758.9919999999998 12.923839,43.052608,758.1729999999999 12.923935,43.052621,757.72 12.924039,43.052633,757.509 12.924148,43.052646,757.351 12.924251,43.05266,757.532 12.924338,43.052666,757.5309999999999 12.924421,43.052681,757.9880000000001 12.924502,43.052683,757.862 12.924563,43.052696,758.0119999999999 12.924646,43.052704,758.183 12.924732,43.052717,758.223 12.924816,43.052725,758.264 12.924906,43.052735,758.236 12.924993,43.05275,758.317 12.925093,43.052762,758.6180000000001 12.925189,43.052776,759.009 12.925281,43.0528,759.775 12.925373,43.052819,760.986 12.925449,43.052842,761.955 12.925535,43.052872,763.082 12.925618,43.052909,763.716 12.925698,43.052939,764.256 12.925765,43.052961,764.557 12.925839,43.052997,764.947 12.925916,43.053026,764.978 12.925986,43.05305,764.847 12.926064,43.053078,764.829 12.926138,43.05311,764.921 12.926209,43.053137,764.609 12.92628,43.053168,764.476 12.926342,43.053187,764.0170000000001 12.926406,43.053214,763.726 12.926474,43.053238,763.533 12.92654,43.053266,763.397 12.926605,43.053293,763.117 12.926664,43.053313,762.788 12.926727,43.05334,763.048 12.926787,43.053364,763.429 12.926852,43.053394,763.9690000000001 12.926919,43.053419,764.304 12.926996,43.05345,764.824 12.927076,43.053485,765.309 12.927137,43.053503,765.688 12.927204,43.053528,766.059 12.927266,43.053553,766.298 12.927321,43.053587,766.715 12.927374,43.053611,766.939 12.927437,43.053646,766.889 12.927496,43.053671,766.75 12.927557,43.0537,766.67 12.927619,43.053722,766.5309999999999 12.927682,43.053751,766.596 12.927738,43.053775,766.631 12.927788,43.053812,766.924 12.927837,43.053844,767.309 12.927906,43.05387,767.741 12.927961,43.053894,768.072 12.928013,43.053928,768.371 12.928071,43.053957,768.498 12.928128,43.053998,768.2919999999999 12.928184,43.054033,768.172 12.928248,43.054067,768.143 12.928299,43.054096,768.273 12.928355,43.054135,768.474 12.928421,43.054172,768.472 12.928475,43.054208,768.513 12.928526,43.05425,768.614 12.928578,43.054287,768.609 12.92864,43.054315,768.499 12.9287,43.054351,768.49 12.928758,43.054386,768.3889999999999 12.928813,43.054421,768.316 12.928878,43.054455,768.2299999999999 12.928935,43.054495,768.51 12.928994,43.054531,768.751 12.929061,43.054574,768.891 12.929115,43.054609,768.822 12.929176,43.054643,768.793 12.929238,43.054681,769.165 12.929287,43.054715,769.421 12.929365,43.054761,769.809 12.929421,43.054801,770.0410000000001 12.92947,43.054839,770.042 12.929528,43.054886,770.0809999999999 12.929595,43.054928,770.058 12.929666,43.054972,770.042 12.92972,43.055009,770.1219999999998 12.929775,43.055044,770.873 12.929848,43.055093,771.513 12.929924,43.055134,772.0839999999999 12.929991,43.055167,772.294 
				</coordinates>
			</LineString>
		</Placemark>
		<Placemark>
			<name>1</name>
			<description>Procedi verso Strada Provinciale 50;Proceed towards Provincial Road 50;</description>
			<Camera>
				<longitude>12.92946327479993</longitude>
				<latitude>43.05442825787733</latitude>
				<altitude>236.6193524317987</altitude>
				<heading>3.2864684062695</heading>
				<tilt>11.40339909478351</tilt>
				<roll>-1.54217450762143</roll>
				<gx:altitudeMode>relativeToSeaFloor</gx:altitudeMode>
			</Camera>
			<styleUrl>#m_ylw-pushpin</styleUrl>
			<Point>
				<gx:drawOrder>1</gx:drawOrder>
				<coordinates>12.93017950285524,43.05529722746045,0</coordinates>
			</Point>
		</Placemark>
		<Placemark>
			<name>2</name>
			<description>Svolta tutto a destra e prendi Strada Provinciale 50;Turn right and take Provincial Road 50</description>
			<Camera>
				<longitude>12.93110617577218</longitude>
				<latitude>43.05464681070902</latitude>
				<altitude>236.6193524317987</altitude>
				<heading>3.28759001382757</heading>
				<tilt>11.40339909478335</tilt>
				<roll>-1.542174507621729</roll>
				<gx:altitudeMode>relativeToSeaFloor</gx:altitudeMode>
			</Camera>
			<styleUrl>#m_ylw-pushpin</styleUrl>
			<Point>
				<gx:drawOrder>1</gx:drawOrder>
				<coordinates>12.93073524815611,43.05559715021105,0</coordinates>
			</Point>
		</Placemark>
		<Placemark>
			<name>3</name>
			<description>Prosegui dritto per rimanere su Strada Provinciale 50;Continue straight to stay on Provincial Road 50</description>
			<Camera>
				<longitude>12.91973943942693</longitude>
				<latitude>43.03028832435346</latitude>
				<altitude>687.7997461132218</altitude>
				<heading>4.262885344692795</heading>
				<tilt>29.9973844235452</tilt>
				<roll>-0.6096633628095902</roll>
				<gx:altitudeMode>relativeToSeaFloor</gx:altitudeMode>
			</Camera>
			<styleUrl>#m_ylw-pushpin</styleUrl>
			<Point>
				<gx:drawOrder>1</gx:drawOrder>
				<coordinates>12.91924922128367,43.03080124571491,0</coordinates>
			</Point>
		</Placemark>
		<Placemark>
			<name>4</name>
			<description>Svolta a destra e prendi SP96;Turn right and take SP96</description>
			<Camera>
				<longitude>12.91664701702314</longitude>
				<latitude>43.02804718352513</latitude>
				<altitude>295.1258460103015</altitude>
				<heading>4.260829709312588</heading>
				<tilt>29.99999933909013</tilt>
				<roll>-0.6093145222772566</roll>
				<gx:altitudeMode>relativeToSeaFloor</gx:altitudeMode>
			</Camera>
			<styleUrl>#m_ylw-pushpin</styleUrl>
			<Point>
				<gx:drawOrder>1</gx:drawOrder>
				<coordinates>12.91712115180558,43.02834964207536,0</coordinates>
			</Point>
		</Placemark>
		<Placemark>
			<name>5</name>
			<description>Svolta a sinistra;Turn left</description>
			<Camera>
				<longitude>12.9134270102555</longitude>
				<latitude>43.02698074554525</latitude>
				<altitude>146.5086931667836</altitude>
				<heading>3.843768074918835</heading>
				<tilt>17.95972134359521</tilt>
				<roll>-0.9935270481558883</roll>
				<gx:altitudeMode>relativeToSeaFloor</gx:altitudeMode>
			</Camera>
			<styleUrl>#m_ylw-pushpin</styleUrl>
			<Point>
				<gx:drawOrder>1</gx:drawOrder>
				<coordinates>12.91307058667417,43.02790784223365,0</coordinates>
			</Point>
		</Placemark>
		<Placemark>
			<name>6</name>
			<description>Svolta a sinistra;Turn left</description>
			<LookAt>
				<longitude>12.91536615326133</longitude>
				<latitude>43.02085202720784</latitude>
				<altitude>0</altitude>
				<heading>-2.253258609699048</heading>
				<tilt>47.75332066172727</tilt>
				<range>97.40071461090527</range>
				<gx:altitudeMode>relativeToSeaFloor</gx:altitudeMode>
			</LookAt>
			<styleUrl>#m_ylw-pushpin</styleUrl>
			<Point>
				<gx:drawOrder>1</gx:drawOrder>
				<coordinates>12.91523241469782,43.02052321261353,0</coordinates>
			</Point>
		</Placemark>
		<Placemark>
			<name>7</name>
			<description>Svolta a sinistra;Turn left</description>
			<LookAt>
				<longitude>12.91785531165299</longitude>
				<latitude>43.0153201276444</latitude>
				<altitude>0</altitude>
				<heading>-2.251560436359325</heading>
				<tilt>47.75332066172722</tilt>
				<range>97.40071460451566</range>
				<gx:altitudeMode>relativeToSeaFloor</gx:altitudeMode>
			</LookAt>
			<styleUrl>#m_ylw-pushpin</styleUrl>
			<Point>
				<gx:drawOrder>1</gx:drawOrder>
				<coordinates>12.91823055555556,43.01539166666667,0</coordinates>
			</Point>
		</Placemark>
		<Placemark>
			<name>8</name>
			<description>Svolta tutto a destra;Turn right</description>
			<LookAt>
				<longitude>12.92081481931775</longitude>
				<latitude>43.0067106663675</latitude>
				<altitude>0</altitude>
				<heading>-2.249400144733857</heading>
				<tilt>0</tilt>
				<range>80.90180272438531</range>
				<gx:altitudeMode>relativeToSeaFloor</gx:altitudeMode>
			</LookAt>
			<styleUrl>#m_ylw-pushpin</styleUrl>
			<Point>
				<gx:drawOrder>1</gx:drawOrder>
				<coordinates>12.92095833333333,43.00613611111111,0</coordinates>
			</Point>
		</Placemark>
		<Placemark>
			<name>9</name>
			<description>Svolta a sinistra;Turn left</description>
			<LookAt>
				<longitude>12.9137888103059</longitude>
				<latitude>43.00611187181538</latitude>
				<altitude>0</altitude>
				<heading>-2.254168125063401</heading>
				<tilt>3.025857297817401</tilt>
				<range>209.9032094069282</range>
				<gx:altitudeMode>relativeToSeaFloor</gx:altitudeMode>
			</LookAt>
			<styleUrl>#m_ylw-pushpin</styleUrl>
			<Point>
				<gx:drawOrder>1</gx:drawOrder>
				<coordinates>12.91299103221193,43.00645460973747,0</coordinates>
			</Point>
		</Placemark>
		<Placemark>
			<name>10</name>
			<description>Tieni la destra;Keep right</description>
			<LookAt>
				<longitude>12.91830473969821</longitude>
				<latitude>42.99976251344026</latitude>
				<altitude>0</altitude>
				<heading>-2.25101655078045</heading>
				<tilt>11.33993018764055</tilt>
				<range>123.4038314944355</range>
				<gx:altitudeMode>relativeToSeaFloor</gx:altitudeMode>
			</LookAt>
			<styleUrl>#m_ylw-pushpin</styleUrl>
			<Point>
				<gx:drawOrder>1</gx:drawOrder>
				<coordinates>12.91816548569408,43.0000795551905,0</coordinates>
			</Point>
		</Placemark>
		<Placemark>
			<name>11</name>
			<open>1</open>
			<description>Tieni la destra;Keep right</description>
			<LookAt>
				<longitude>12.91771396200874</longitude>
				<latitude>42.99924895194036</latitude>
				<altitude>0</altitude>
				<heading>-2.251419452979275</heading>
				<tilt>11.33993018764106</tilt>
				<range>123.4038315068697</range>
				<gx:altitudeMode>relativeToSeaFloor</gx:altitudeMode>
			</LookAt>
			<styleUrl>#m_ylw-pushpin</styleUrl>
			<Point>
				<gx:drawOrder>1</gx:drawOrder>
				<coordinates>12.91769147645059,42.99900501050325,0</coordinates>
			</Point>
		</Placemark>
		<Placemark>
			<name>12</name>
			<description>Svolta a destra;Turn right</description>
			<LookAt>
				<longitude>12.91756128097643</longitude>
				<latitude>42.99853742688297</latitude>
				<altitude>0</altitude>
				<heading>-2.251523576056545</heading>
				<tilt>11.339930187641</tilt>
				<range>123.4038315084214</range>
				<gx:altitudeMode>relativeToSeaFloor</gx:altitudeMode>
			</LookAt>
			<styleUrl>#m_ylw-pushpin</styleUrl>
			<Point>
				<gx:drawOrder>1</gx:drawOrder>
				<coordinates>12.91760833333333,42.99839166666667,0</coordinates>
			</Point>
		</Placemark>
		<Placemark>
			<name>13</name>
			<description>Svolta a sinistra;Turn left</description>
			<LookAt>
				<longitude>12.91756128097643</longitude>
				<latitude>42.99853742688297</latitude>
				<altitude>0</altitude>
				<heading>-2.251523576056545</heading>
				<tilt>11.339930187641</tilt>
				<range>123.4038315084214</range>
				<gx:altitudeMode>relativeToSeaFloor</gx:altitudeMode>
			</LookAt>
			<styleUrl>#m_ylw-pushpin</styleUrl>
			<Point>
				<gx:drawOrder>1</gx:drawOrder>
				<coordinates>12.91743181287093,42.99825900278383,0</coordinates>
			</Point>
		</Placemark>
		<Placemark>
			<name>14</name>
			<description>Svolta a destra;Turn right</description>
			<LookAt>
				<longitude>12.91756128097643</longitude>
				<latitude>42.99853742688297</latitude>
				<altitude>0</altitude>
				<heading>-2.251523576056545</heading>
				<tilt>11.339930187641</tilt>
				<range>123.4038315084214</range>
				<gx:altitudeMode>relativeToSeaFloor</gx:altitudeMode>
			</LookAt>
			<styleUrl>#m_ylw-pushpin</styleUrl>
			<Point>
				<gx:drawOrder>1</gx:drawOrder>
				<coordinates>12.91819731428373,42.99798351922281,0</coordinates>
			</Point>
		</Placemark>
		<Placemark>
			<name>15</name>
			<description>Svolta a sinistra;Turn left</description>
			<LookAt>
				<longitude>12.91661892861746</longitude>
				<latitude>42.99839346511321</latitude>
				<altitude>0</altitude>
				<heading>-2.252716229045381</heading>
				<tilt>26.56153529297463</tilt>
				<range>183.1521774328062</range>
				<gx:altitudeMode>relativeToSeaFloor</gx:altitudeMode>
			</LookAt>
			<styleUrl>#m_ylw-pushpin</styleUrl>
			<Point>
				<gx:drawOrder>1</gx:drawOrder>
				<coordinates>12.91654200400842,42.99844447959079,0</coordinates>
			</Point>
		</Placemark>
		<Placemark>
			<name>16</name>
			<description>Svolta a sinistra;Turn left</description>
			<LookAt>
				<longitude>12.91616248975</longitude>
				<latitude>42.99799858200223</latitude>
				<altitude>0</altitude>
				<heading>-2.253027455401638</heading>
				<tilt>26.56180642283524</tilt>
				<range>250.6416301885284</range>
				<gx:altitudeMode>relativeToSeaFloor</gx:altitudeMode>
			</LookAt>
			<styleUrl>#m_ylw-pushpin</styleUrl>
			<Point>
				<gx:drawOrder>1</gx:drawOrder>
				<coordinates>12.91613333333333,42.99718888888889,0</coordinates>
			</Point>
		</Placemark>
		<Placemark>
			<name>17</name>
			<description>Svolta a sinistra;Turn left</description>
			<LookAt>
				<longitude>12.91228065402234</longitude>
				<latitude>42.99361250343229</latitude>
				<altitude>0</altitude>
				<heading>-2.255674554772237</heading>
				<tilt>26.56180642283524</tilt>
				<range>250.6416301905027</range>
				<gx:altitudeMode>relativeToSeaFloor</gx:altitudeMode>
			</LookAt>
			<styleUrl>#m_ylw-pushpin</styleUrl>
			<Point>
				<gx:drawOrder>1</gx:drawOrder>
				<coordinates>12.911825,42.99336111111111,0</coordinates>
			</Point>
		</Placemark>
		<Placemark>
			<name>18</name>
			<description>Svolta a destra;Turn right</description>
			<LookAt>
				<longitude>12.92665667161715</longitude>
				<latitude>42.99162785861637</latitude>
				<altitude>0</altitude>
				<heading>-2.24586586296421</heading>
				<tilt>24.31717580154172</tilt>
				<range>102.4715289082898</range>
				<gx:altitudeMode>relativeToSeaFloor</gx:altitudeMode>
			</LookAt>
			<styleUrl>#m_ylw-pushpin</styleUrl>
			<Point>
				<gx:drawOrder>1</gx:drawOrder>
				<coordinates>12.92660277777778,42.99166111111111,0</coordinates>
			</Point>
		</Placemark>
		<Placemark>
			<name>19</name>
			<description>Prosegui dritto;Continue straight</description>
			<LookAt>
				<longitude>12.9297198342732</longitude>
				<latitude>42.9834845618083</latitude>
				<altitude>0</altitude>
				<heading>-2.243777027724974</heading>
				<tilt>24.31770001934179</tilt>
				<range>244.1143990847315</range>
				<gx:altitudeMode>relativeToSeaFloor</gx:altitudeMode>
			</LookAt>
			<styleUrl>#m_ylw-pushpin</styleUrl>
			<Point>
				<gx:drawOrder>1</gx:drawOrder>
				<coordinates>12.92936166003891,42.98254292037625,0</coordinates>
			</Point>
		</Placemark>
		<Placemark>
			<name>20</name>
			<open>1</open>
			<description>Prosegui dritto;Continue straight</description>
			<LookAt>
				<longitude>12.92974675796999</longitude>
				<latitude>42.97609554532406</latitude>
				<altitude>0</altitude>
				<heading>-2.24375865106429</heading>
				<tilt>24.31839654558143</tilt>
				<range>432.3976925132275</range>
				<gx:altitudeMode>relativeToSeaFloor</gx:altitudeMode>
			</LookAt>
			<styleUrl>#m_ylw-pushpin</styleUrl>
			<Point>
				<gx:drawOrder>1</gx:drawOrder>
				<coordinates>12.92896115986914,42.97704963891331,0</coordinates>
			</Point>
		</Placemark>
		<Placemark>
			<name>21</name>
			<description>Svolta a destra;Turn right</description>
			<LookAt>
				<longitude>12.92942121761278</longitude>
				<latitude>42.97438987509888</latitude>
				<altitude>0</altitude>
				<heading>-2.243937518466978</heading>
				<tilt>29.91151526365563</tilt>
				<range>220.7020293462906</range>
				<gx:altitudeMode>relativeToSeaFloor</gx:altitudeMode>
			</LookAt>
			<styleUrl>#m_ylw-pushpin</styleUrl>
			<Point>
				<gx:drawOrder>1</gx:drawOrder>
				<coordinates>12.92936451607867,42.97393276660003,0</coordinates>
			</Point>
		</Placemark>
		<Placemark>
			<name>22</name>
			<description>Svolta a destra;Turn right</description>
			<LookAt>
				<longitude>12.92798504436305</longitude>
				<latitude>42.97279923931713</latitude>
				<altitude>0</altitude>
				<heading>-2.244885212273165</heading>
				<tilt>28.05563211429886</tilt>
				<range>202.1806727797832</range>
				<gx:altitudeMode>relativeToSeaFloor</gx:altitudeMode>
			</LookAt>
			<styleUrl>#m_ylw-pushpin</styleUrl>
			<Point>
				<gx:drawOrder>1</gx:drawOrder>
				<coordinates>12.92829722222222,42.9723,0</coordinates>
			</Point>
		</Placemark>
		<Placemark>
			<name>23</name>
			<description>Svolta a sinistra;Turn left</description>
			<LookAt>
				<longitude>12.92435338550014</longitude>
				<latitude>42.97305983836201</latitude>
				<altitude>0</altitude>
				<heading>1.684948652956763</heading>
				<tilt>46.7978764416201</tilt>
				<range>96.39346534748128</range>
				<gx:altitudeMode>relativeToSeaFloor</gx:altitudeMode>
			</LookAt>
			<styleUrl>#m_ylw-pushpin</styleUrl>
			<Point>
				<gx:drawOrder>1</gx:drawOrder>
				<coordinates>12.92451105181168,42.97318778923514,0</coordinates>
			</Point>
		</Placemark>
		<Placemark>
			<name>24</name>
			<description>Svolta a destra;Turn right</description>
			<LookAt>
				<longitude>12.92437160354899</longitude>
				<latitude>42.97137753702491</latitude>
				<altitude>0</altitude>
				<heading>1.684957223334009</heading>
				<tilt>44.03464428573206</tilt>
				<range>274.9997426043317</range>
				<gx:altitudeMode>relativeToSeaFloor</gx:altitudeMode>
			</LookAt>
			<styleUrl>#m_ylw-pushpin</styleUrl>
			<Point>
				<gx:drawOrder>1</gx:drawOrder>
				<coordinates>12.92348151781451,42.9718926531786,0</coordinates>
			</Point>
		</Placemark>
		<Placemark>
			<name>25</name>
			<description>Svolta a destra;Turn right</description>
			<LookAt>
				<longitude>12.92306793874058</longitude>
				<latitude>42.9721290197785</latitude>
				<altitude>0</altitude>
				<heading>1.68338672812355</heading>
				<tilt>25.46169581452722</tilt>
				<range>140.1756331278067</range>
				<gx:altitudeMode>relativeToSeaFloor</gx:altitudeMode>
			</LookAt>
			<styleUrl>#m_ylw-pushpin</styleUrl>
			<Point>
				<gx:drawOrder>1</gx:drawOrder>
				<coordinates>12.92228760622816,42.97229042605375,0</coordinates>
			</Point>
		</Placemark>
		<Placemark>
			<name>26</name>
			<description>Svolta a destra;Turn right</description>
			<LookAt>
				<longitude>12.92304144244197</longitude>
				<latitude>42.97278717345731</latitude>
				<altitude>0</altitude>
				<heading>1.683368667094472</heading>
				<tilt>25.46169581452724</tilt>
				<range>140.1756331305408</range>
				<gx:altitudeMode>relativeToSeaFloor</gx:altitudeMode>
			</LookAt>
			<styleUrl>#m_ylw-pushpin</styleUrl>
			<Point>
				<gx:drawOrder>1</gx:drawOrder>
				<coordinates>12.92394253300657,42.97344251442151,0</coordinates>
			</Point>
		</Placemark>
		<Placemark>
			<name>27</name>
			<description>Tieni la destra;Keep right</description>
			<LookAt>
				<longitude>12.92860460117868</longitude>
				<latitude>42.97222565076324</latitude>
				<altitude>0</altitude>
				<heading>1.687160759409172</heading>
				<tilt>25.46169581452722</tilt>
				<range>140.1756331311806</range>
				<gx:altitudeMode>relativeToSeaFloor</gx:altitudeMode>
			</LookAt>
			<styleUrl>#m_ylw-pushpin</styleUrl>
			<Point>
				<gx:drawOrder>1</gx:drawOrder>
				<coordinates>12.92828020766203,42.97216136162707,0</coordinates>
			</Point>
		</Placemark>
		<Placemark>
			<name>28</name>
			<description>Svolta a destra;Turn right</description>
			<LookAt>
				<longitude>12.9295029199355</longitude>
				<latitude>42.97239759163767</latitude>
				<altitude>0</altitude>
				<heading>1.687756388548389</heading>
				<tilt>26.50875104723777</tilt>
				<range>160.5838721535914</range>
				<gx:altitudeMode>relativeToSeaFloor</gx:altitudeMode>
			</LookAt>
			<styleUrl>#m_ylw-pushpin</styleUrl>
			<Point>
				<gx:drawOrder>1</gx:drawOrder>
				<coordinates>12.93010517416385,42.9723964139103,0</coordinates>
			</Point>
		</Placemark>
		<Placemark>
			<name>29</name>
			<description>Svolta a sinistra;Turn left</description>
			<LookAt>
				<longitude>12.93153396943575</longitude>
				<latitude>42.96563252736392</latitude>
				<altitude>0</altitude>
				<heading>-1.823828453797615</heading>
				<tilt>48.341221954266</tilt>
				<range>97.47535602556698</range>
				<gx:altitudeMode>relativeToSeaFloor</gx:altitudeMode>
			</LookAt>
			<styleUrl>#m_ylw-pushpin</styleUrl>
			<Point>
				<gx:drawOrder>1</gx:drawOrder>
				<coordinates>12.93146234837962,42.96565675425447,0</coordinates>
			</Point>
		</Placemark>
		<Placemark>
			<name>30</name>
			<description>Svolta a destra;Turn right</description>
			<LookAt>
				<longitude>12.93472712756072</longitude>
				<latitude>42.96399995671923</latitude>
				<altitude>0</altitude>
				<heading>2.172941691394102</heading>
				<tilt>0</tilt>
				<range>241.2949466736858</range>
				<gx:altitudeMode>relativeToSeaFloor</gx:altitudeMode>
			</LookAt>
			<styleUrl>#m_ylw-pushpin</styleUrl>
			<Point>
				<gx:drawOrder>1</gx:drawOrder>
				<coordinates>12.93573246713203,42.96447959731925,0</coordinates>
			</Point>
		</Placemark>
		<Placemark>
			<name>31</name>
			<description>Svolta a sinistra;Turn left</description>
			<LookAt>
				<longitude>12.9349927561571</longitude>
				<latitude>42.96284341032011</latitude>
				<altitude>0</altitude>
				<heading>2.173118704760861</heading>
				<tilt>9.52083819398193</tilt>
				<range>232.2704538984647</range>
				<gx:altitudeMode>relativeToSeaFloor</gx:altitudeMode>
			</LookAt>
			<styleUrl>#m_ylw-pushpin</styleUrl>
			<Point>
				<gx:drawOrder>1</gx:drawOrder>
				<coordinates>12.93512257673789,42.96425197146669,0</coordinates>
			</Point>
		</Placemark>
		<Placemark>
			<name>32</name>
			<description>Svolta a destra;Turn right</description>
			<LookAt>
				<longitude>12.9349927561571</longitude>
				<latitude>42.96284341032011</latitude>
				<altitude>0</altitude>
				<heading>2.173118704760861</heading>
				<tilt>9.52083819398193</tilt>
				<range>232.2704538984647</range>
				<gx:altitudeMode>relativeToSeaFloor</gx:altitudeMode>
			</LookAt>
			<styleUrl>#m_ylw-pushpin</styleUrl>
			<Point>
				<gx:drawOrder>1</gx:drawOrder>
				<coordinates>12.93366812807302,42.9635683452804,0</coordinates>
			</Point>
		</Placemark>
		<Placemark>
			<name>33</name>
			<description>Svolta a destra;Turn right</description>
			<LookAt>
				<longitude>12.9349927561571</longitude>
				<latitude>42.96284341032011</latitude>
				<altitude>0</altitude>
				<heading>2.173118704760861</heading>
				<tilt>9.52083819398193</tilt>
				<range>232.2704538984647</range>
				<gx:altitudeMode>relativeToSeaFloor</gx:altitudeMode>
			</LookAt>
			<styleUrl>#m_ylw-pushpin</styleUrl>
			<Point>
				<gx:drawOrder>1</gx:drawOrder>
				<coordinates>12.93560076355073,42.96432598208056,0</coordinates>
			</Point>
		</Placemark>
		<Placemark>
			<name>34</name>
			<description>Svolta a sinistra;Turn left</description>
			<LookAt>
				<longitude>12.94161079065266</longitude>
				<latitude>42.95769006998776</latitude>
				<altitude>0</altitude>
				<heading>2.177628921500076</heading>
				<tilt>9.520838193984392</tilt>
				<range>232.2704541033217</range>
				<gx:altitudeMode>relativeToSeaFloor</gx:altitudeMode>
			</LookAt>
			<styleUrl>#m_ylw-pushpin</styleUrl>
			<Point>
				<gx:drawOrder>1</gx:drawOrder>
				<coordinates>12.94179595439328,42.95794707282032,0</coordinates>
			</Point>
		</Placemark>
		<Placemark>
			<name>35</name>
			<open>1</open>
			<description>Svolta a sinistra;Turn left</description>
			<LookAt>
				<longitude>12.94202929416481</longitude>
				<latitude>42.95832708531272</latitude>
				<altitude>0</altitude>
				<heading>2.177914111570352</heading>
				<tilt>9.520838193984469</tilt>
				<range>232.2704541026837</range>
				<gx:altitudeMode>relativeToSeaFloor</gx:altitudeMode>
			</LookAt>
			<styleUrl>#m_ylw-pushpin</styleUrl>
			<Point>
				<gx:drawOrder>1</gx:drawOrder>
				<coordinates>12.94296371551502,42.95863676389804,0</coordinates>
			</Point>
		</Placemark>
		<Placemark>
			<name>36</name>
			<description>Tirni la sisnistra;Keep left</description>
			<LookAt>
				<longitude>12.94035283231702</longitude>
				<latitude>42.9641123071121</latitude>
				<altitude>0</altitude>
				<heading>2.176771567193243</heading>
				<tilt>9.520838193984469</tilt>
				<range>232.2704541049181</range>
				<gx:altitudeMode>relativeToSeaFloor</gx:altitudeMode>
			</LookAt>
			<styleUrl>#m_ylw-pushpin</styleUrl>
			<Point>
				<gx:drawOrder>1</gx:drawOrder>
				<coordinates>12.94094166666667,42.96498333333334,0</coordinates>
			</Point>
		</Placemark>
		<Placemark>
			<name>37</name>
			<description>Svolta a sinistra;Turn left</description>
			<LookAt>
				<longitude>12.93167504049982</longitude>
				<latitude>42.97242721206096</latitude>
				<altitude>0</altitude>
				<heading>2.170856517937316</heading>
				<tilt>9.520838193984469</tilt>
				<range>232.2704541026123</range>
				<gx:altitudeMode>relativeToSeaFloor</gx:altitudeMode>
			</LookAt>
			<styleUrl>#m_ylw-pushpin</styleUrl>
			<Point>
				<gx:drawOrder>1</gx:drawOrder>
				<coordinates>12.93294657439979,42.97318389878065,0</coordinates>
			</Point>
		</Placemark>
		<Placemark>
			<name>38</name>
			<description>Svolta a destra;Turn right</description>
			<LookAt>
				<longitude>12.93093519623151</longitude>
				<latitude>42.97254178244373</latitude>
				<altitude>0</altitude>
				<heading>2.170352207538192</heading>
				<tilt>9.520838193984392</tilt>
				<range>232.2704541051743</range>
				<gx:altitudeMode>relativeToSeaFloor</gx:altitudeMode>
			</LookAt>
			<styleUrl>#m_ylw-pushpin</styleUrl>
			<Point>
				<gx:drawOrder>1</gx:drawOrder>
				<coordinates>12.93026944444444,42.97253611111111,0</coordinates>
			</Point>
		</Placemark>
		<Placemark>
			<name>39</name>
			<description>Tieni la destra;Keep right</description>
			<LookAt>
				<longitude>12.9297904658354</longitude>
				<latitude>42.97360540975068</latitude>
				<altitude>0</altitude>
				<heading>2.169571890603576</heading>
				<tilt>9.520838193984392</tilt>
				<range>232.2704541021911</range>
				<gx:altitudeMode>relativeToSeaFloor</gx:altitudeMode>
			</LookAt>
			<styleUrl>#m_ylw-pushpin</styleUrl>
			<Point>
				<gx:drawOrder>1</gx:drawOrder>
				<coordinates>12.929592261463,42.97393772159618,0</coordinates>
			</Point>
		</Placemark>
		<Placemark>
			<name>40</name>
			<description>Tieni la destra;Keep right</description>
			<LookAt>
				<longitude>12.92780182789619</longitude>
				<latitude>42.99095980593687</latitude>
				<altitude>0</altitude>
				<heading>2.168215680293405</heading>
				<tilt>9.520838193984506</tilt>
				<range>232.2704541029968</range>
				<gx:altitudeMode>relativeToSeaFloor</gx:altitudeMode>
			</LookAt>
			<styleUrl>#m_ylw-pushpin</styleUrl>
			<Point>
				<gx:drawOrder>1</gx:drawOrder>
				<coordinates>12.92686238546453,42.99170525856327,0</coordinates>
			</Point>
		</Placemark>
		<Placemark>
			<name>41</name>
			<description>Tieni la sinistra;Keep left</description>
			<LookAt>
				<longitude>12.93302940325596</longitude>
				<latitude>42.99532411393595</latitude>
				<altitude>0</altitude>
				<heading>2.171780349311876</heading>
				<tilt>9.520838193984469</tilt>
				<range>232.2704541057522</range>
				<gx:altitudeMode>relativeToSeaFloor</gx:altitudeMode>
			</LookAt>
			<styleUrl>#m_ylw-pushpin</styleUrl>
			<Point>
				<gx:drawOrder>1</gx:drawOrder>
				<coordinates>12.93280109966455,42.99568687236995,0</coordinates>
			</Point>
		</Placemark>
		<Placemark>
			<name>42</name>
			<description>Tieni la sinistra;Keep left</description>
			<LookAt>
				<longitude>12.93197764478181</longitude>
				<latitude>42.99725837860675</latitude>
				<altitude>0</altitude>
				<heading>2.170668165867902</heading>
				<tilt>16.04608840585128</tilt>
				<range>184.048994870993</range>
				<gx:altitudeMode>relativeToSeaFloor</gx:altitudeMode>
			</LookAt>
			<styleUrl>#m_ylw-pushpin</styleUrl>
			<Point>
				<gx:drawOrder>1</gx:drawOrder>
				<coordinates>12.93185378962424,42.99747574810057,0</coordinates>
			</Point>
		</Placemark>
		<Placemark>
			<name>43</name>
			<description>Prosegui in direzione nord;Continue north</description>
			<LookAt>
				<longitude>12.92739749775001</longitude>
				<latitude>43.00193139955444</latitude>
				<altitude>0</altitude>
				<heading>2.167543679037764</heading>
				<tilt>15.32131271190582</tilt>
				<range>288.1359094772744</range>
				<gx:altitudeMode>relativeToSeaFloor</gx:altitudeMode>
			</LookAt>
			<styleUrl>#m_ylw-pushpin</styleUrl>
			<Point>
				<gx:drawOrder>1</gx:drawOrder>
				<coordinates>12.92633453783566,43.00329348822746,0</coordinates>
			</Point>
		</Placemark>
		<Placemark>
			<name>44</name>
			<description>Prosegui in direzione nordest;Continue in a northeast direction</description>
			<LookAt>
				<longitude>12.92670554409527</longitude>
				<latitude>43.00296303757369</latitude>
				<altitude>0</altitude>
				<heading>2.167071746218029</heading>
				<tilt>15.32131271190578</tilt>
				<range>288.1359094769498</range>
				<gx:altitudeMode>relativeToSeaFloor</gx:altitudeMode>
			</LookAt>
			<styleUrl>#m_ylw-pushpin</styleUrl>
			<Point>
				<gx:drawOrder>1</gx:drawOrder>
				<coordinates>12.92637222222222,43.00430555555555,0</coordinates>
			</Point>
		</Placemark>
		<Placemark>
			<name>45</name>
			<description>Continua dritto;Continue straight</description>
			<LookAt>
				<longitude>12.93190477860944</longitude>
				<latitude>43.01632876632778</latitude>
				<altitude>0</altitude>
				<heading>2.170615482524773</heading>
				<tilt>16.72992685732272</tilt>
				<range>250.9891367902826</range>
				<gx:altitudeMode>relativeToSeaFloor</gx:altitudeMode>
			</LookAt>
			<styleUrl>#m_ylw-pushpin</styleUrl>
			<Point>
				<gx:drawOrder>1</gx:drawOrder>
				<coordinates>12.93221874760206,43.01680954013919,0</coordinates>
			</Point>
		</Placemark>
		<Placemark>
			<name>46</name>
			<description>Svolta a sinistra;Turn left</description>
			<LookAt>
				<longitude>12.9315224468292</longitude>
				<latitude>43.01812909227638</latitude>
				<altitude>0</altitude>
				<heading>2.17031619951027</heading>
				<tilt>0</tilt>
				<range>83.96458567857262</range>
				<gx:altitudeMode>relativeToSeaFloor</gx:altitudeMode>
			</LookAt>
			<styleUrl>#m_ylw-pushpin</styleUrl>
			<Point>
				<gx:drawOrder>1</gx:drawOrder>
				<coordinates>12.93176431249436,43.01847812670094,0</coordinates>
			</Point>
		</Placemark>
		<Placemark>
			<name>47</name>
			<description>Tieni la destra;Keep left</description>
			<LookAt>
				<longitude>12.93070782235194</longitude>
				<latitude>43.01850595945677</latitude>
				<altitude>0</altitude>
				<heading>2.169772986247851</heading>
				<tilt>3.323457924494617</tilt>
				<range>214.8613533213848</range>
				<gx:altitudeMode>relativeToSeaFloor</gx:altitudeMode>
			</LookAt>
			<styleUrl>#m_ylw-pushpin</styleUrl>
			<Point>
				<gx:drawOrder>1</gx:drawOrder>
				<coordinates>12.93058818369534,43.018823859008,0</coordinates>
			</Point>
		</Placemark>
		<Placemark>
			<name>48</name>
			<description>Svolta a sinistra;Keep left</description>
			<LookAt>
				<longitude>12.92912397338792</longitude>
				<latitude>43.01854982251778</latitude>
				<altitude>0</altitude>
				<heading>2.168692427497183</heading>
				<tilt>3.323457924499007</tilt>
				<range>214.8613535632127</range>
				<gx:altitudeMode>relativeToSeaFloor</gx:altitudeMode>
			</LookAt>
			<styleUrl>#m_ylw-pushpin</styleUrl>
			<Point>
				<gx:drawOrder>1</gx:drawOrder>
				<coordinates>12.92924444444444,43.01924444444445,0</coordinates>
			</Point>
		</Placemark>
		<Placemark>
			<name>49</name>
			<description>Svolta a destra;Keep right</description>
			<LookAt>
				<longitude>12.92523933078161</longitude>
				<latitude>43.01900945582399</latitude>
				<altitude>0</altitude>
				<heading>2.166123582888066</heading>
				<tilt>18.45872242373941</tilt>
				<range>198.3917146934917</range>
				<gx:altitudeMode>relativeToSeaFloor</gx:altitudeMode>
			</LookAt>
			<styleUrl>#m_ylw-pushpin</styleUrl>
			<Point>
				<gx:drawOrder>1</gx:drawOrder>
				<coordinates>12.92513738446373,43.01920430516025,0</coordinates>
			</Point>
		</Placemark>
		<Placemark>
			<name>50</name>
			<description>Svolta a sinistra;Keep left</description>
			<LookAt>
				<longitude>12.9234393663375</longitude>
				<latitude>43.0211714969661</latitude>
				<altitude>0</altitude>
				<heading>2.164895534800359</heading>
				<tilt>18.45872242373932</tilt>
				<range>198.3917146849065</range>
				<gx:altitudeMode>relativeToSeaFloor</gx:altitudeMode>
			</LookAt>
			<styleUrl>#m_ylw-pushpin</styleUrl>
			<Point>
				<gx:drawOrder>1</gx:drawOrder>
				<coordinates>12.92402833038783,43.02229569120065,0</coordinates>
			</Point>
		</Placemark>
		<Placemark>
			<name>51</name>
			<description>Svolta a destra;keep right</description>
			<LookAt>
				<longitude>12.92316756185442</longitude>
				<latitude>43.02205456228638</latitude>
				<altitude>0</altitude>
				<heading>0.4377567994381639</heading>
				<tilt>0</tilt>
				<range>158.3762026601329</range>
				<gx:altitudeMode>relativeToSeaFloor</gx:altitudeMode>
			</LookAt>
			<styleUrl>#m_ylw-pushpin</styleUrl>
			<Point>
				<gx:drawOrder>1</gx:drawOrder>
				<coordinates>12.92375221720465,43.022329506638,0</coordinates>
			</Point>
		</Placemark>
		<Placemark>
			<name>52</name>
			<description>Tieni la destra;Keep right</description>
			<LookAt>
				<longitude>12.91940652285438</longitude>
				<latitude>43.02375154120861</latitude>
				<altitude>0</altitude>
				<heading>0.435190685105791</heading>
				<tilt>0</tilt>
				<range>158.3762026584991</range>
				<gx:altitudeMode>relativeToSeaFloor</gx:altitudeMode>
			</LookAt>
			<styleUrl>#m_ylw-pushpin</styleUrl>
			<Point>
				<gx:drawOrder>1</gx:drawOrder>
				<coordinates>12.9191361297449,43.02442169410354,0</coordinates>
			</Point>
		</Placemark>
		<Placemark>
			<name>53</name>
			<description>Pendi il sottopassaggio;Take the underpass</description>
			<LookAt>
				<longitude>12.91920718818261</longitude>
				<latitude>43.0250479148412</latitude>
				<altitude>0</altitude>
				<heading>0.4350546708024824</heading>
				<tilt>0</tilt>
				<range>158.3762026571386</range>
				<gx:altitudeMode>relativeToSeaFloor</gx:altitudeMode>
			</LookAt>
			<styleUrl>#m_ylw-pushpin</styleUrl>
			<Point>
				<gx:drawOrder>1</gx:drawOrder>
				<coordinates>12.91910329526618,43.0258510630204,0</coordinates>
			</Point>
		</Placemark>
		<Placemark>
			<name>54</name>
			<description>Svolta a sinistra;Turn left</description>
			<LookAt>
				<longitude>12.91781514517313</longitude>
				<latitude>43.0284383548783</latitude>
				<altitude>0</altitude>
				<heading>0.4341048081693726</heading>
				<tilt>0</tilt>
				<range>158.3762026569898</range>
				<gx:altitudeMode>relativeToSeaFloor</gx:altitudeMode>
			</LookAt>
			<styleUrl>#m_ylw-pushpin</styleUrl>
			<Point>
				<gx:drawOrder>1</gx:drawOrder>
				<coordinates>12.91800615875582,43.02857027224864,0</coordinates>
			</Point>
		</Placemark>
		<Placemark>
			<name>55</name>
			<description>Svolta a destra;Turn right</description>
			<LookAt>
				<longitude>12.90385430066103</longitude>
				<latitude>43.03083088830058</latitude>
				<altitude>0</altitude>
				<heading>0.4245783452287779</heading>
				<tilt>0</tilt>
				<range>158.3762026575343</range>
				<gx:altitudeMode>relativeToSeaFloor</gx:altitudeMode>
			</LookAt>
			<styleUrl>#m_ylw-pushpin</styleUrl>
			<Point>
				<gx:drawOrder>1</gx:drawOrder>
				<coordinates>12.90391944444444,43.031,0</coordinates>
			</Point>
		</Placemark>
		<Placemark>
			<name>56</name>
			<description>Prosegui dritto;Continue strainght</description>
			<LookAt>
				<longitude>12.89694700165029</longitude>
				<latitude>43.03637622681372</latitude>
				<altitude>0</altitude>
				<heading>0.4198645063937935</heading>
				<tilt>0</tilt>
				<range>158.3762026602292</range>
				<gx:altitudeMode>relativeToSeaFloor</gx:altitudeMode>
			</LookAt>
			<styleUrl>#m_ylw-pushpin</styleUrl>
			<Point>
				<gx:drawOrder>1</gx:drawOrder>
				<coordinates>12.89683333333333,43.03714444444444,0</coordinates>
			</Point>
		</Placemark>
		<Placemark>
			<name>57</name>
			<description>Prendi la strada secondaria sulla destra;Take the secondary road on the right</description>
			<LookAt>
				<longitude>12.895792236679</longitude>
				<latitude>43.03728211402997</latitude>
				<altitude>0</altitude>
				<heading>0.4190764201792762</heading>
				<tilt>0</tilt>
				<range>158.3762026607984</range>
				<gx:altitudeMode>relativeToSeaFloor</gx:altitudeMode>
			</LookAt>
			<styleUrl>#m_ylw-pushpin</styleUrl>
			<Point>
				<gx:drawOrder>1</gx:drawOrder>
				<coordinates>12.89626372536872,43.03733523455699,0</coordinates>
			</Point>
		</Placemark>
		<Placemark>
			<name>58</name>
			<description>Svolta a destra;Turn right</description>
			<LookAt>
				<longitude>12.89527256639482</longitude>
				<latitude>43.03786769218518</latitude>
				<altitude>0</altitude>
				<heading>0.4187217578914267</heading>
				<tilt>0</tilt>
				<range>158.8851713373907</range>
				<gx:altitudeMode>relativeToSeaFloor</gx:altitudeMode>
			</LookAt>
			<styleUrl>#m_ylw-pushpin</styleUrl>
			<Point>
				<gx:drawOrder>1</gx:drawOrder>
				<coordinates>12.89480833333333,43.03821388888889,0</coordinates>
			</Point>
		</Placemark>
		<Placemark>
			<name>59</name>
			<description>Prosegui dritto;Continue strainght</description>
			<LookAt>
				<longitude>12.89333136760913</longitude>
				<latitude>43.03878781557771</latitude>
				<altitude>0</altitude>
				<heading>0.4173968894142558</heading>
				<tilt>0</tilt>
				<range>158.8851713385135</range>
				<gx:altitudeMode>relativeToSeaFloor</gx:altitudeMode>
			</LookAt>
			<styleUrl>#m_ylw-pushpin</styleUrl>
			<Point>
				<gx:drawOrder>1</gx:drawOrder>
				<coordinates>12.89333333333333,43.03929722222222,0</coordinates>
			</Point>
		</Placemark>
		<Placemark>
			<name>60</name>
			<description>Svolta a destra;Turn right</description>
			<LookAt>
				<longitude>12.89220660895991</longitude>
				<latitude>43.04306508289151</latitude>
				<altitude>0</altitude>
				<heading>0.4166292478229041</heading>
				<tilt>0</tilt>
				<range>158.8851713366461</range>
				<gx:altitudeMode>relativeToSeaFloor</gx:altitudeMode>
			</LookAt>
			<styleUrl>#m_ylw-pushpin</styleUrl>
			<Point>
				<gx:drawOrder>1</gx:drawOrder>
				<coordinates>12.89188195311042,43.04335348147681,0</coordinates>
			</Point>
		</Placemark>
		<Placemark>
			<name>61</name>
			<description>Svolta a sinista;Turn left</description>
			<LookAt>
				<longitude>12.89562120558799</longitude>
				<latitude>43.04537497730986</latitude>
				<altitude>0</altitude>
				<heading>0.4189598946652439</heading>
				<tilt>0</tilt>
				<range>158.8851713378165</range>
				<gx:altitudeMode>relativeToSeaFloor</gx:altitudeMode>
			</LookAt>
			<styleUrl>#m_ylw-pushpin</styleUrl>
			<Point>
				<gx:drawOrder>1</gx:drawOrder>
				<coordinates>12.89613101542006,43.04625309187578,0</coordinates>
			</Point>
		</Placemark>
		<Placemark>
			<name>62</name>
			<description>Tieni la sinistra;Keep left</description>
			<LookAt>
				<longitude>12.89609006360047</longitude>
				<latitude>43.04703524948993</latitude>
				<altitude>0</altitude>
				<heading>0.4192921111494791</heading>
				<tilt>16.69914070237045</tilt>
				<range>138.9320594447009</range>
				<gx:altitudeMode>relativeToSeaFloor</gx:altitudeMode>
			</LookAt>
			<styleUrl>#m_ylw-pushpin</styleUrl>
			<Point>
				<gx:drawOrder>1</gx:drawOrder>
				<coordinates>12.89644444444444,43.04741666666666,0</coordinates>
			</Point>
		</Placemark>
		<Placemark>
			<name>63</name>
			<description>Svolta a destra;Keep right</description>
			<LookAt>
				<longitude>12.89739317228855</longitude>
				<latitude>43.04638024962359</latitude>
				<altitude>0</altitude>
				<heading>4.819290263035103</heading>
				<tilt>2.960669337089504</tilt>
				<range>143.5905281923768</range>
				<gx:altitudeMode>relativeToSeaFloor</gx:altitudeMode>
			</LookAt>
			<styleUrl>#m_ylw-pushpin</styleUrl>
			<Point>
				<gx:drawOrder>1</gx:drawOrder>
				<coordinates>12.89705220179407,43.04726795217789,0</coordinates>
			</Point>
		</Placemark>
		<Placemark>
			<name>64</name>
			<description>Svolta a sinista;Turn left</description>
			<LookAt>
				<longitude>12.89818555569803</longitude>
				<latitude>43.04592541608314</latitude>
				<altitude>0</altitude>
				<heading>4.819831132491979</heading>
				<tilt>2.960669337089504</tilt>
				<range>143.5905281929105</range>
				<gx:altitudeMode>relativeToSeaFloor</gx:altitudeMode>
			</LookAt>
			<styleUrl>#m_ylw-pushpin</styleUrl>
			<Point>
				<gx:drawOrder>1</gx:drawOrder>
				<coordinates>12.89830138696067,43.04510765025186,0</coordinates>
			</Point>
		</Placemark>
		<atom:link rel="app" href="https://www.google.com/earth/about/versions/#earth-pro" title="Google Earth Pro 7.3.6.10441"></atom:link>
	</Folder>
</Document>
</kml>
